"Host/IP","Port","Login","Password","Type","Level","Country","Tag(s)","Speed","Alive","Can Resolve Domain to IP"
"3.15.192.0","8159","","","CONNECT","Elite","UNITED STATES","Public","0,108","34m",-
"3.15.192.0","9269","","","CONNECT","Elite","UNITED STATES","Public","0,117","22m",-
"3.38.101.138","8741","","","CONNECT","Elite","KOREA","Public SSL","0,270","14m",-
"3.38.101.138","102","","","CONNECT","Elite","KOREA","Public SSL","0,264","23m",X
"3.107.252.199","10065","","","CONNECT","Elite","AUSTRALIA","Public","0,300","35m",-
"4.156.78.45","80","","","WEB","Transparent","UNITED STATES","Public","0,093","34m",X
"4.195.16.140","80","","","WEB","Elite","AUSTRALIA","Public supremenewyork","0,255","34m",X
"4.245.123.244","80","","","WEB","Elite","NETHERLANDS","Public supremenewyork","0,045","33m",X
"5.58.47.25","3629","","","SOCKS4","Elite","UKRAINE","Public","4,152","43m",-
"5.157.64.213","1080","","","SOCKS4","Elite","UNITED KINGDOM","Public","0,069","17m",-
"5.252.33.13","2025","","","CONNECT","Elite","SLOVAKIA","Public SSL","0,039","24m",X
"8.17.0.15","8080","","","WEB","Transparent","UNITED STATES","Public","0,134","32m",X
"8.130.34.237","80","","","CONNECT","Elite","CHINA","Public","0,304","34m",X
"8.130.71.75","80","","","CONNECT","Elite","CHINA","Public","0,322","31m",X
"8.130.90.177","80","","","CONNECT","Elite","CHINA","Public","0,301","44m",X
"8.137.38.48","80","","","CONNECT","Elite","CHINA","Public","0,287","39m",X
"8.146.207.243","8888","","","WEB","Transparent","CHINA","Public","0,321","24m",X
"8.148.20.126","80","","","CONNECT","Elite","CHINA","Public","0,326","17m",X
"8.148.24.225","80","","","CONNECT","Elite","CHINA","Public","0,332","31m",X
"8.209.96.245","80","","","CONNECT","Elite","GERMANY","Public","0,040","34m",X
"8.209.255.13","3128","","","CONNECT","Elite","JAPAN","Public","0,233","24m",X
"8.210.17.35","80","","","CONNECT","Elite","HONG KONG","Public","0,190","41m",X
"8.211.42.167","80","","","CONNECT","Elite","GERMANY","Public","0,048","34m",X
"8.211.51.115","80","","","CONNECT","Elite","GERMANY","Public","0,047","34m",X
"8.211.195.139","80","","","CONNECT","Elite","UNITED KINGDOM","Public","0,040","16m",-
"8.212.151.166","80","","","CONNECT","Elite","PHILIPPINES","Public","0,256","37m",X
"8.212.165.33","3333","","","WEB","Transparent","PHILIPPINES","Public","2,321","24m",X
"8.213.129.20","80","","","CONNECT","Elite","KOREA","Public","0,273","20m",X
"8.213.137.155","80","","","SOCKS4","Elite","KOREA","Public","0,929","16m",-
"8.213.151.128","3128","","","CONNECT","Elite","KOREA","Public","0,259","42m",-
"8.213.156.191","80","","","CONNECT","Elite","KOREA","Public","0,288","44m",-
"8.213.195.191","80","","","CONNECT","Elite","THAILAND","Public","0,289","42m",X
"8.213.215.187","80","","","CONNECT","Elite","THAILAND","Public","0,299","37m",X
"8.213.222.247","80","","","CONNECT","Elite","THAILAND","Public","0,281","33m",X
"8.213.222.157","80","","","CONNECT","Elite","THAILAND","Public","0,282","42m",X
"8.215.12.103","80","","","CONNECT","Elite","INDONESIA","Public","0,201","33m",X
"8.217.78.32","1011","","","SOCKS5","Elite","HONG KONG","Public SSL","0,206","16m",-
"8.219.172.7","1011","","","SOCKS5","Elite","SINGAPORE","Public Facebook supremenewyork","0,163","34m",X
"8.219.229.53","80","","","CONNECT","Elite","SINGAPORE","Public","0,164","35m",X
"8.220.141.8","80","","","CONNECT","Elite","PHILIPPINES","Public","0,262","23m",X
"8.220.204.92","80","","","CONNECT","Elite","KOREA","Public","0,258","43m",X
"8.220.204.215","80","","","CONNECT","Elite","KOREA","Public","0,265","33m",X
"8.220.205.172","80","","","CONNECT","Elite","KOREA","Public","0,280","41m",X
"8.221.138.111","80","","","CONNECT","Elite","JAPAN","Public","0,230","20m",X
"8.221.139.222","80","","","CONNECT","Elite","JAPAN","Public","0,231","34m",X
"8.221.141.88","80","","","CONNECT","Elite","JAPAN","Public","0,853","35m",X
"8.222.247.161","1011","","","SOCKS5","Elite","SINGAPORE","Public","1,179","13m",X
"12.11.59.114","1080","","","SOCKS4","Elite","UNITED STATES","Public","3,171","20m",-
"13.59.97.103","9094","","","CONNECT","Elite","UNITED STATES","Public supremenewyork","0,109","34m",-
"13.59.97.103","9507","","","CONNECT","Elite","UNITED STATES","Public supremenewyork","0,113","39m",-
"13.59.113.45","8686","","","CONNECT","Elite","UNITED STATES","Public","0,106","31m",-
"13.59.113.45","392","","","CONNECT","Elite","UNITED STATES","Public supremenewyork","0,109","38m",-
"13.60.209.160","8008","","","CONNECT","Elite","SWEDEN","Public","0,063","24m",X
"13.61.18.44","45157","","","CONNECT","Elite","SWEDEN","Public supremenewyork","0,061","39m",X
"13.114.9.221","9800","","","CONNECT","Elite","JAPAN","Public supremenewyork","0,258","38m",X
"13.114.9.221","37014","","","CONNECT","Elite","JAPAN","Public","0,253","32m",-
"13.115.193.75","278","","","CONNECT","Elite","JAPAN","Public SSL","0,256","14m",X
"13.115.193.75","200","","","CONNECT","Elite","JAPAN","Public","0,248","39m",-
"13.115.193.75","9447","","","CONNECT","Elite","JAPAN","Public","0,245","35m",-
"13.115.193.75","10062","","","CONNECT","Elite","JAPAN","Public","0,245","33m",-
"13.125.7.17","10043","","","CONNECT","Elite","KOREA","Public","0,271","33m",-
"13.211.233.22","8562","","","CONNECT","Elite","AUSTRALIA","Public","0,307","38m",-
"13.211.233.22","8072","","","CONNECT","Elite","AUSTRALIA","Public","0,299","33m",-
"13.212.76.113","336","","","CONNECT","Elite","SINGAPORE","Public Google SSL","0,246","18m",-
"13.212.81.49","163","","","CONNECT","Elite","SINGAPORE","Public","0,244","32m",-
"13.212.76.113","9060","","","CONNECT","Elite","SINGAPORE","Public","0,247","33m",-
"13.212.81.49","9036","","","CONNECT","Elite","SINGAPORE","Public","0,244","37m",-
"13.231.159.110","451","","","CONNECT","Elite","JAPAN","Public","0,255","40m",-
"13.231.159.110","72","","","CONNECT","Elite","JAPAN","Public SSL","0,247","24m",-
"13.247.64.55","36660","","","CONNECT","Elite","SOUTH AFRICA","Public supremenewyork","0,136","36m",-
"14.224.174.168","3616","","","CONNECT","Elite","VIETNAM","Public Facebook supremenewyork","0,287","35m",-
"14.224.174.168","3312","","","CONNECT","Elite","VIETNAM","Public Google SSL","0,296","18m",-
"14.224.174.168","4315","","","CONNECT","Elite","VIETNAM","Public Facebook supremenewyork","0,299","36m",-
"14.251.13.0","8080","","","CONNECT","Elite","VIETNAM","Public SSL","0,290","15m",X
"15.160.181.77","9269","","","CONNECT","Elite","ITALY","Public supremenewyork","0,033","32m",-
"15.160.181.77","8445","","","CONNECT","Elite","ITALY","Public","0,034","40m",-
"15.160.186.74","9007","","","CONNECT","Elite","ITALY","Public","0,035","39m",-
"15.160.186.74","26552","","","CONNECT","Elite","ITALY","Public","0,033","24m",-
"15.168.235.57","10490","","","CONNECT","Elite","JAPAN","Public","0,267","12m",-
"16.78.41.33","10880","","","CONNECT","Elite","INDONESIA","Public","0,265","38m",-
"16.78.47.161","9142","","","CONNECT","Elite","INDONESIA","Public supremenewyork","0,263","37m",X
"16.78.47.161","2076","","","CONNECT","Elite","INDONESIA","Public SSL","0,260","21m",-
"16.78.41.33","433","","","CONNECT","Elite","INDONESIA","Public SSL","0,271","14m",-
"16.78.41.33","43","","","CONNECT","Elite","INDONESIA","Public","0,267","23m",-
"16.78.47.161","8101","","","CONNECT","Elite","INDONESIA","Public Facebook supremenewyork","0,269","37m",-
"16.78.104.244","9060","","","CONNECT","Elite","INDONESIA","Public supremenewyork","0,262","40m",X
"16.78.105.11","8865","","","CONNECT","Elite","INDONESIA","Public","0,259","38m",-
"16.78.108.50","10112","","","CONNECT","Elite","INDONESIA","Public","0,270","31m",-
"16.78.105.11","13969","","","CONNECT","Elite","INDONESIA","Public","0,264","34m",-
"16.78.105.11","2819","","","CONNECT","Elite","INDONESIA","Public","0,264","33m",X
"16.78.41.33","17327","","","CONNECT","Elite","INDONESIA","Public","0,259","38m",-
"16.78.108.50","197","","","SOCKS4","Elite","INDONESIA","Public","0,260","22m",-
"16.78.108.50","493","","","CONNECT","Elite","INDONESIA","Public supremenewyork","0,258","38m",X
"16.78.108.50","537","","","CONNECT","Elite","INDONESIA","Public","0,257","31m",-
"16.78.82.73","9177","","","CONNECT","Elite","INDONESIA","Public supremenewyork","0,259","39m",-
"16.78.82.73","9185","","","CONNECT","Elite","INDONESIA","Public","0,254","13m",-
"16.78.93.162","9255","","","CONNECT","Elite","INDONESIA","Public SSL","0,260","21m",-
"18.143.167.190","9480","","","CONNECT","Elite","SINGAPORE","Public supremenewyork","0,244","39m",-
"18.143.165.238","9200","","","CONNECT","Elite","SINGAPORE","Public supremenewyork","0,248","33m",X
"18.143.173.102","10016","","","CONNECT","Elite","SINGAPORE","Public","0,251","33m",-
"18.143.173.102","9052","","","CONNECT","Elite","SINGAPORE","Public","0,249","18m",X
"18.143.165.238","270","","","CONNECT","Elite","SINGAPORE","Public supremenewyork","0,244","39m",X
"18.163.16.157","8080","","","CONNECT","Elite","HONG KONG","Public supremenewyork","0,252","38m",X
"18.179.12.21","538","","","CONNECT","Elite","JAPAN","Public supremenewyork","0,245","33m",-
"18.179.12.21","55781","","","CONNECT","Elite","JAPAN","Public SSL","0,256","22m",-
"18.183.141.82","34235","","","CONNECT","Elite","JAPAN","Public supremenewyork","0,247","40m",X
"18.183.141.82","39685","","","CONNECT","Elite","JAPAN","Public supremenewyork","0,248","35m",-
"18.183.141.82","5550","","","CONNECT","Elite","JAPAN","Public","0,260","14m",-
"18.226.170.181","133","","","CONNECT","Elite","UNITED STATES","Public","0,106","24m",-
"18.226.170.181","29","","","CONNECT","Elite","UNITED STATES","Public Facebook supremenewyork","0,108","37m",X
"23.237.210.82","80","","","WEB","Transparent","UNITED STATES","Public","0,139","35m",X
"27.74.215.131","30245","","","CONNECT","Elite","VIETNAM","Public SSL","0,201","24m",X
"27.147.130.9","46","","","CONNECT","Elite","BANGLADESH","Public supremenewyork","1,276","31m",X
"27.147.131.198","46","","","CONNECT","Elite","BANGLADESH","Public supremenewyork","0,238","36m",-
"31.131.135.247","4153","","","SOCKS4","Elite","UKRAINE","Public","0,105","39m",-
"34.101.218.77","3128","","","WEB","Transparent","INDONESIA","Public","0,210","21m",X
"34.122.187.196","80","","","WEB","Elite","UNITED STATES","Public","0,113","21m",X
"34.216.224.9","32241","","","CONNECT","Elite","UNITED STATES","Public","0,183","34m",-
"34.216.224.9","10036","","","CONNECT","Elite","UNITED STATES","Public supremenewyork","0,177","39m",-
"34.222.65.100","10112","","","CONNECT","Elite","UNITED STATES","Public supremenewyork","0,176","35m",X
"35.152.140.120","9792","","","CONNECT","Elite","ITALY","Public","0,035","15m",-
"35.183.64.191","104","","","CONNECT","Elite","CANADA","Public supremenewyork","0,105","40m",X
"35.183.64.191","9443","","","CONNECT","Elite","CANADA","Public SSL","0,105","12m",-
"35.183.64.191","9480","","","CONNECT","Elite","CANADA","Public Google SSL","0,104","22m",X
"35.183.64.191","10089","","","CONNECT","Elite","CANADA","Public supremenewyork","0,104","34m",-
"35.209.198.222","80","","","WEB","Elite","UNITED STATES","Public","0,124","23m",X
"35.243.0.245","80","","","CONNECT","Elite","UNITED STATES","Public supremenewyork","0,151","32m",-
"35.243.0.249","80","","","CONNECT","Elite","UNITED STATES","Public SSL","0,160","17m",-
"35.243.1.4","443","","","CONNECT","Elite","UNITED STATES","Public supremenewyork","0,152","34m",-
"35.243.0.249","443","","","CONNECT","Elite","UNITED STATES","Public SSL","0,152","21m",-
"35.243.0.243","443","","","CONNECT","Elite","UNITED STATES","Public SSL","0,152","13m",-
"35.243.0.245","443","","","CONNECT","Elite","UNITED STATES","Public supremenewyork","0,152","39m",-
"35.243.1.4","80","","","CONNECT","Elite","UNITED STATES","Public supremenewyork","0,151","34m",X
"35.243.0.249","3128","","","CONNECT","Elite","UNITED STATES","Public SSL","0,151","20m",X
"35.243.0.243","3128","","","CONNECT","Elite","UNITED STATES","Public SSL","0,151","24m",-
"35.243.0.245","3128","","","CONNECT","Elite","UNITED STATES","Public supremenewyork","0,159","39m",-
"35.243.0.243","9443","","","CONNECT","Elite","UNITED STATES","Public supremenewyork","0,153","32m",-
"35.243.0.245","9443","","","CONNECT","Elite","UNITED STATES","Public SSL","0,152","15m",-
"35.243.0.249","9443","","","CONNECT","Elite","UNITED STATES","Public SSL","0,152","14m",-
"35.243.0.249","9401","","","CONNECT","Elite","UNITED STATES","Public SSL","0,160","15m",-
"35.243.0.249","9400","","","CONNECT","Elite","UNITED STATES","Public SSL","0,153","21m",X
"35.243.0.243","9401","","","CONNECT","Elite","UNITED STATES","Public SSL","0,153","24m",-
"35.243.0.243","9400","","","CONNECT","Elite","UNITED STATES","Public supremenewyork","0,152","30m",-
"35.243.0.245","9401","","","CONNECT","Elite","UNITED STATES","Public supremenewyork","0,152","37m",X
"35.243.1.4","9400","","","CONNECT","Elite","UNITED STATES","Public supremenewyork","0,151","37m",X
"35.243.1.4","9401","","","CONNECT","Elite","UNITED STATES","Public supremenewyork","0,152","39m",-
"35.243.1.4","9443","","","CONNECT","Elite","UNITED STATES","Public supremenewyork","0,151","34m",-
"35.243.0.249","9480","","","CONNECT","Elite","UNITED STATES","Public SSL","0,153","18m",-
"35.243.0.243","9480","","","CONNECT","Elite","UNITED STATES","Public supremenewyork","0,153","34m",X
"35.243.0.245","9480","","","CONNECT","Elite","UNITED STATES","Public supremenewyork","0,153","33m",-
"35.243.1.4","10004","","","CONNECT","Elite","UNITED STATES","Public SSL","0,152","18m",-
"35.243.1.4","10006","","","CONNECT","Elite","UNITED STATES","Public SSL","0,152","20m",-
"35.243.1.4","10007","","","CONNECT","Elite","UNITED STATES","Public SSL","0,152","13m",-
"35.243.1.4","10000","","","CONNECT","Elite","UNITED STATES","Public supremenewyork","0,151","35m",-
"35.243.1.4","10001","","","CONNECT","Elite","UNITED STATES","Public SSL","0,153","18m",X
"35.243.1.4","10003","","","CONNECT","Elite","UNITED STATES","Public supremenewyork","0,160","38m",-
"35.243.1.4","10012","","","CONNECT","Elite","UNITED STATES","Public supremenewyork","0,153","36m",X
"35.243.1.4","10015","","","CONNECT","Elite","UNITED STATES","Public supremenewyork","0,152","34m",-
"35.243.1.4","10020","","","CONNECT","Elite","UNITED STATES","Public SSL","0,152","22m",-
"35.243.1.4","10021","","","CONNECT","Elite","UNITED STATES","Public supremenewyork","0,152","39m",-
"35.243.1.4","10022","","","CONNECT","Elite","UNITED STATES","Public supremenewyork","0,159","40m",-
"35.243.1.4","10016","","","CONNECT","Elite","UNITED STATES","Public supremenewyork","0,153","31m",X
"35.243.1.4","10017","","","CONNECT","Elite","UNITED STATES","Public SSL","0,152","15m",X
"35.243.1.4","10028","","","CONNECT","Elite","UNITED STATES","Public SSL","0,151","17m",-
"35.243.1.4","10030","","","CONNECT","Elite","UNITED STATES","Public supremenewyork","0,160","34m",-
"35.243.1.4","10025","","","CONNECT","Elite","UNITED STATES","Public supremenewyork","0,151","33m",-
"35.243.1.4","10026","","","CONNECT","Elite","UNITED STATES","Public supremenewyork","0,153","34m",X
"35.243.1.4","10027","","","CONNECT","Elite","UNITED STATES","Public SSL","0,154","21m",X
"35.243.1.4","10037","","","CONNECT","Elite","UNITED STATES","Public supremenewyork","0,152","33m",-
"35.243.1.4","10038","","","CONNECT","Elite","UNITED STATES","Public supremenewyork","0,152","39m",-
"35.243.1.4","10032","","","CONNECT","Elite","UNITED STATES","Public supremenewyork","0,151","32m",-
"35.243.1.4","10033","","","CONNECT","Elite","UNITED STATES","Public supremenewyork","0,152","31m",-
"35.243.1.4","10034","","","CONNECT","Elite","UNITED STATES","Public supremenewyork","0,151","35m",X
"35.243.1.4","10046","","","CONNECT","Elite","UNITED STATES","Public SSL","0,152","19m",-
"35.243.1.4","10040","","","CONNECT","Elite","UNITED STATES","Public SSL","0,154","22m",X
"35.243.1.4","10042","","","CONNECT","Elite","UNITED STATES","Public supremenewyork","0,152","35m",-
"35.243.1.4","10055","","","CONNECT","Elite","UNITED STATES","Public SSL","0,152","18m",X
"35.243.1.4","10049","","","CONNECT","Elite","UNITED STATES","Public supremenewyork","0,151","39m",X
"35.243.1.4","10050","","","CONNECT","Elite","UNITED STATES","Public SSL","0,152","22m",-
"35.243.1.4","10051","","","CONNECT","Elite","UNITED STATES","Public SSL","0,160","24m",-
"35.243.1.4","10056","","","CONNECT","Elite","UNITED STATES","Public supremenewyork","0,151","36m",-
"35.243.1.4","10068","","","CONNECT","Elite","UNITED STATES","Public supremenewyork","0,152","38m",-
"35.243.1.4","10069","","","CONNECT","Elite","UNITED STATES","Public SSL","0,153","20m",-
"35.243.1.4","10070","","","CONNECT","Elite","UNITED STATES","Public SSL","0,151","13m",-
"35.243.1.4","10071","","","CONNECT","Elite","UNITED STATES","Public supremenewyork","0,152","37m",-
"35.243.1.4","10065","","","CONNECT","Elite","UNITED STATES","Public SSL","0,151","15m",X
"35.243.1.4","10078","","","CONNECT","Elite","UNITED STATES","Public supremenewyork","0,152","39m",-
"35.243.1.4","10072","","","CONNECT","Elite","UNITED STATES","Public supremenewyork","0,152","31m",X
"35.243.1.4","10074","","","CONNECT","Elite","UNITED STATES","Public SSL","0,159","16m",X
"35.243.1.4","10075","","","CONNECT","Elite","UNITED STATES","Public SSL","0,152","17m",-
"35.243.1.4","10084","","","CONNECT","Elite","UNITED STATES","Public supremenewyork","0,152","35m",-
"35.243.1.4","10086","","","CONNECT","Elite","UNITED STATES","Public SSL","0,152","15m",-
"35.243.1.4","10080","","","CONNECT","Elite","UNITED STATES","Public supremenewyork","0,153","35m",X
"35.243.1.4","10082","","","CONNECT","Elite","UNITED STATES","Public supremenewyork","0,153","39m",-
"35.243.1.4","10094","","","CONNECT","Elite","UNITED STATES","Public supremenewyork","0,152","31m",-
"35.243.1.4","10088","","","CONNECT","Elite","UNITED STATES","Public supremenewyork","0,151","31m",-
"35.243.1.4","10091","","","CONNECT","Elite","UNITED STATES","Public supremenewyork","0,161","34m",X
"35.243.1.4","10100","","","CONNECT","Elite","UNITED STATES","Public supremenewyork","0,151","39m",-
"35.243.1.4","10101","","","CONNECT","Elite","UNITED STATES","Public SSL","0,150","23m",-
"35.243.1.4","10099","","","CONNECT","Elite","UNITED STATES","Public supremenewyork","0,151","39m",-
"35.243.1.4","10109","","","CONNECT","Elite","UNITED STATES","Public supremenewyork","0,152","36m",-
"35.243.1.4","10111","","","CONNECT","Elite","UNITED STATES","Public supremenewyork","0,152","34m",-
"35.243.1.4","10106","","","CONNECT","Elite","UNITED STATES","Public SSL","0,153","23m",-
"35.243.1.4","10114","","","CONNECT","Elite","UNITED STATES","Public supremenewyork","0,152","31m",X
"35.243.1.4","10115","","","CONNECT","Elite","UNITED STATES","Public supremenewyork","0,152","34m",X
"35.243.0.245","10135","","","CONNECT","Elite","UNITED STATES","Public SSL","0,153","23m",X
"35.243.0.243","10135","","","CONNECT","Elite","UNITED STATES","Public supremenewyork","0,153","37m",X
"35.243.0.243","10115","","","CONNECT","Elite","UNITED STATES","Public SSL","0,153","24m",X
"35.243.0.249","10121","","","CONNECT","Elite","UNITED STATES","Public SSL","0,152","17m",-
"35.243.0.249","10120","","","CONNECT","Elite","UNITED STATES","Public supremenewyork","0,160","32m",-
"35.243.0.243","10114","","","CONNECT","Elite","UNITED STATES","Public SSL","0,152","13m",-
"35.243.0.249","10123","","","CONNECT","Elite","UNITED STATES","Public SSL","0,153","20m",-
"35.243.0.245","10119","","","CONNECT","Elite","UNITED STATES","Public SSL","0,153","19m",X
"35.243.0.243","10112","","","CONNECT","Elite","UNITED STATES","Public supremenewyork","0,152","34m",-
"35.243.0.249","10122","","","CONNECT","Elite","UNITED STATES","Public SSL","0,153","18m",-
"35.243.0.243","10119","","","CONNECT","Elite","UNITED STATES","Public SSL","0,152","17m",X
"35.243.0.245","10112","","","CONNECT","Elite","UNITED STATES","Public SSL","0,151","24m",-
"35.243.0.243","10117","","","CONNECT","Elite","UNITED STATES","Public supremenewyork","0,152","36m",X
"35.243.0.245","10115","","","CONNECT","Elite","UNITED STATES","Public supremenewyork","0,153","39m",-
"35.243.0.245","10114","","","CONNECT","Elite","UNITED STATES","Public supremenewyork","0,151","32m",-
"35.243.0.243","10123","","","CONNECT","Elite","UNITED STATES","Public supremenewyork","0,151","33m",-
"35.243.0.243","10122","","","CONNECT","Elite","UNITED STATES","Public supremenewyork","0,152","32m",-
"35.243.0.249","10112","","","CONNECT","Elite","UNITED STATES","Public supremenewyork","0,152","35m",X
"35.243.0.249","10115","","","CONNECT","Elite","UNITED STATES","Public supremenewyork","0,159","34m",-
"35.243.0.243","10121","","","CONNECT","Elite","UNITED STATES","Public SSL","0,152","16m",-
"35.243.0.243","10120","","","CONNECT","Elite","UNITED STATES","Public supremenewyork","0,151","37m",X
"35.243.0.249","10114","","","CONNECT","Elite","UNITED STATES","Public SSL","0,152","14m",X
"35.243.0.249","10117","","","CONNECT","Elite","UNITED STATES","Public SSL","0,161","19m",-
"35.243.0.245","10121","","","CONNECT","Elite","UNITED STATES","Public SSL","0,152","17m",-
"35.243.0.245","10120","","","CONNECT","Elite","UNITED STATES","Public SSL","0,153","19m",X
"35.243.0.249","10119","","","CONNECT","Elite","UNITED STATES","Public SSL","0,154","23m",-
"35.243.0.245","10123","","","CONNECT","Elite","UNITED STATES","Public SSL","0,151","13m",-
"35.243.0.245","10122","","","CONNECT","Elite","UNITED STATES","Public supremenewyork","0,151","38m",X
"35.243.0.243","10099","","","CONNECT","Elite","UNITED STATES","Public SSL","0,151","19m",-
"35.243.0.245","10101","","","CONNECT","Elite","UNITED STATES","Public SSL","0,152","17m",-
"35.243.0.249","10105","","","CONNECT","Elite","UNITED STATES","Public SSL","0,153","15m",X
"35.243.0.249","10104","","","CONNECT","Elite","UNITED STATES","Public supremenewyork","0,152","37m",X
"35.243.0.245","10100","","","CONNECT","Elite","UNITED STATES","Public supremenewyork","0,159","40m",X
"35.243.0.243","10098","","","CONNECT","Elite","UNITED STATES","Public SSL","0,151","18m",X
"35.243.0.243","10096","","","CONNECT","Elite","UNITED STATES","Public supremenewyork","0,151","32m",-
"35.243.0.249","10106","","","CONNECT","Elite","UNITED STATES","Public SSL","0,153","14m",-
"35.243.0.249","10109","","","CONNECT","Elite","UNITED STATES","Public SSL","0,151","14m",-
"35.243.0.245","10096","","","CONNECT","Elite","UNITED STATES","Public supremenewyork","0,153","34m",-
"35.243.0.249","10111","","","CONNECT","Elite","UNITED STATES","Public supremenewyork","0,153","31m",-
"35.243.0.243","10101","","","CONNECT","Elite","UNITED STATES","Public SSL","0,152","19m",X
"35.243.0.245","10099","","","CONNECT","Elite","UNITED STATES","Public SSL","0,153","19m",-
"35.243.0.245","10098","","","CONNECT","Elite","UNITED STATES","Public supremenewyork","0,152","30m",X
"35.243.0.243","10100","","","CONNECT","Elite","UNITED STATES","Public supremenewyork","0,154","39m",X
"35.243.0.245","10109","","","CONNECT","Elite","UNITED STATES","Public SSL","0,152","16m",-
"35.243.0.243","10106","","","CONNECT","Elite","UNITED STATES","Public supremenewyork","0,151","36m",X
"35.243.0.249","10096","","","CONNECT","Elite","UNITED STATES","Public SSL","0,152","14m",X
"35.243.0.243","10105","","","CONNECT","Elite","UNITED STATES","Public supremenewyork","0,153","32m",X
"35.243.0.249","10099","","","CONNECT","Elite","UNITED STATES","Public SSL","0,152","16m",-
"35.243.0.245","10111","","","CONNECT","Elite","UNITED STATES","Public SSL","0,152","15m",-
"35.243.0.249","10098","","","CONNECT","Elite","UNITED STATES","Public SSL","0,152","16m",-
"35.243.0.243","10104","","","CONNECT","Elite","UNITED STATES","Public SSL","0,152","15m",-
"35.243.0.249","10101","","","CONNECT","Elite","UNITED STATES","Public supremenewyork","0,152","34m",-
"35.243.0.243","10111","","","CONNECT","Elite","UNITED STATES","Public SSL","0,152","19m",X
"35.243.0.245","10105","","","CONNECT","Elite","UNITED STATES","Public supremenewyork","0,153","36m",X
"35.243.0.249","10100","","","CONNECT","Elite","UNITED STATES","Public SSL","0,160","19m",-
"35.243.0.245","10104","","","CONNECT","Elite","UNITED STATES","Public SSL","0,152","16m",-
"35.243.0.243","10109","","","CONNECT","Elite","UNITED STATES","Public supremenewyork","0,152","31m",X
"35.243.0.245","10106","","","CONNECT","Elite","UNITED STATES","Public SSL","0,151","18m",-
"35.243.0.249","10089","","","CONNECT","Elite","UNITED STATES","Public supremenewyork","0,152","37m",X
"35.243.0.243","10083","","","CONNECT","Elite","UNITED STATES","Public SSL","0,152","16m",X
"35.243.0.249","10088","","","CONNECT","Elite","UNITED STATES","Public supremenewyork","0,153","33m",-
"35.243.0.245","10084","","","CONNECT","Elite","UNITED STATES","Public SSL","0,152","15m",-
"35.243.0.243","10082","","","CONNECT","Elite","UNITED STATES","Public SSL","0,153","15m",X
"35.243.0.245","10087","","","CONNECT","Elite","UNITED STATES","Public SSL","0,154","23m",-
"35.243.0.249","10091","","","CONNECT","Elite","UNITED STATES","Public SSL","0,152","14m",X
"35.243.0.243","10081","","","CONNECT","Elite","UNITED STATES","Public SSL","0,159","15m",-
"35.243.0.243","10080","","","CONNECT","Elite","UNITED STATES","Public SSL","0,153","18m",-
"35.243.0.245","10086","","","CONNECT","Elite","UNITED STATES","Public SSL","0,152","15m",X
"35.243.0.243","10087","","","CONNECT","Elite","UNITED STATES","Public supremenewyork","0,151","37m",X
"35.243.0.245","10081","","","CONNECT","Elite","UNITED STATES","Public SSL","0,151","15m",-
"35.243.0.249","10093","","","CONNECT","Elite","UNITED STATES","Public SSL","0,152","24m",X
"35.243.0.243","10086","","","CONNECT","Elite","UNITED STATES","Public supremenewyork","0,152","33m",X
"35.243.0.245","10080","","","CONNECT","Elite","UNITED STATES","Public SSL","0,152","13m",X
"35.243.0.249","10092","","","CONNECT","Elite","UNITED STATES","Public SSL","0,151","15m",-
"35.243.0.245","10083","","","CONNECT","Elite","UNITED STATES","Public SSL","0,151","17m",X
"35.243.0.245","10082","","","CONNECT","Elite","UNITED STATES","Public supremenewyork","0,152","31m",-
"35.243.0.249","10094","","","CONNECT","Elite","UNITED STATES","Public SSL","0,152","17m",X
"35.243.0.245","10093","","","CONNECT","Elite","UNITED STATES","Public supremenewyork","0,153","33m",-
"35.243.0.243","10091","","","CONNECT","Elite","UNITED STATES","Public supremenewyork","0,152","37m",-
"35.243.0.249","10081","","","CONNECT","Elite","UNITED STATES","Public SSL","0,152","14m",-
"35.243.0.245","10092","","","CONNECT","Elite","UNITED STATES","Public supremenewyork","0,152","36m",X
"35.243.0.249","10080","","","CONNECT","Elite","UNITED STATES","Public SSL","0,159","17m",-
"35.243.0.249","10083","","","CONNECT","Elite","UNITED STATES","Public supremenewyork","0,154","38m",-
"35.243.0.243","10089","","","CONNECT","Elite","UNITED STATES","Public SSL","0,152","19m",X
"35.243.0.245","10094","","","CONNECT","Elite","UNITED STATES","Public supremenewyork","0,152","39m",-
"35.243.0.243","10088","","","CONNECT","Elite","UNITED STATES","Public SSL","0,152","15m",-
"35.243.0.249","10082","","","CONNECT","Elite","UNITED STATES","Public SSL","0,153","16m",-
"35.243.0.245","10089","","","CONNECT","Elite","UNITED STATES","Public SSL","0,154","19m",X
"35.243.0.249","10084","","","CONNECT","Elite","UNITED STATES","Public supremenewyork","0,151","36m",-
"35.243.0.245","10088","","","CONNECT","Elite","UNITED STATES","Public SSL","0,152","24m",-
"35.243.0.243","10094","","","CONNECT","Elite","UNITED STATES","Public SSL","0,151","14m",-
"35.243.0.249","10087","","","CONNECT","Elite","UNITED STATES","Public supremenewyork","0,153","31m",X
"35.243.0.243","10093","","","CONNECT","Elite","UNITED STATES","Public SSL","0,152","18m",-
"35.243.0.245","10091","","","CONNECT","Elite","UNITED STATES","Public SSL","0,152","16m",-
"35.243.0.249","10086","","","CONNECT","Elite","UNITED STATES","Public SSL","0,152","17m",X
"35.243.0.243","10092","","","CONNECT","Elite","UNITED STATES","Public SSL","0,152","16m",-
"35.243.0.245","10069","","","CONNECT","Elite","UNITED STATES","Public SSL","0,152","19m",-
"35.243.0.249","10073","","","CONNECT","Elite","UNITED STATES","Public SSL","0,152","13m",-
"35.243.0.249","10072","","","CONNECT","Elite","UNITED STATES","Public supremenewyork","0,153","35m",X
"35.243.0.245","10068","","","CONNECT","Elite","UNITED STATES","Public SSL","0,152","17m",-
"35.243.0.243","10066","","","CONNECT","Elite","UNITED STATES","Public supremenewyork","0,160","38m",-
"35.243.0.243","10065","","","CONNECT","Elite","UNITED STATES","Public supremenewyork","0,154","31m",X
"35.243.0.249","10075","","","CONNECT","Elite","UNITED STATES","Public SSL","0,152","19m",-
"35.243.0.245","10071","","","CONNECT","Elite","UNITED STATES","Public supremenewyork","0,152","33m",-
"35.243.0.249","10074","","","CONNECT","Elite","UNITED STATES","Public supremenewyork","0,152","36m",-
"35.243.0.245","10070","","","CONNECT","Elite","UNITED STATES","Public SSL","0,152","13m",-
"35.243.0.243","10064","","","CONNECT","Elite","UNITED STATES","Public SSL","0,153","19m",-
"35.243.0.249","10077","","","CONNECT","Elite","UNITED STATES","Public supremenewyork","0,153","39m",-
"35.243.0.243","10071","","","CONNECT","Elite","UNITED STATES","Public supremenewyork","0,152","30m",-
"35.243.0.245","10065","","","CONNECT","Elite","UNITED STATES","Public supremenewyork","0,151","39m",X
"35.243.0.243","10070","","","CONNECT","Elite","UNITED STATES","Public supremenewyork","0,153","36m",X
"35.243.0.249","10076","","","CONNECT","Elite","UNITED STATES","Public SSL","0,155","19m",-
"35.243.0.245","10064","","","CONNECT","Elite","UNITED STATES","Public SSL","0,152","16m",-
"35.243.0.243","10069","","","CONNECT","Elite","UNITED STATES","Public SSL","0,160","18m",-
"35.243.0.249","10079","","","CONNECT","Elite","UNITED STATES","Public SSL","0,152","16m",X
"35.243.0.243","10068","","","CONNECT","Elite","UNITED STATES","Public supremenewyork","0,151","39m",-
"35.243.0.245","10066","","","CONNECT","Elite","UNITED STATES","Public SSL","0,154","19m",-
"35.243.0.249","10078","","","CONNECT","Elite","UNITED STATES","Public SSL","0,153","15m",-
"35.243.0.243","10075","","","CONNECT","Elite","UNITED STATES","Public SSL","0,153","18m",-
"35.243.0.249","10065","","","CONNECT","Elite","UNITED STATES","Public SSL","0,152","14m",X
"35.243.0.245","10077","","","CONNECT","Elite","UNITED STATES","Public SSL","0,159","16m",X
"35.243.0.245","10076","","","CONNECT","Elite","UNITED STATES","Public supremenewyork","0,151","40m",X
"35.243.0.249","10064","","","CONNECT","Elite","UNITED STATES","Public SSL","0,153","23m",-
"35.243.0.243","10074","","","CONNECT","Elite","UNITED STATES","Public SSL","0,151","18m",-
"35.243.0.245","10079","","","CONNECT","Elite","UNITED STATES","Public supremenewyork","0,153","34m",-
"35.243.0.243","10073","","","CONNECT","Elite","UNITED STATES","Public SSL","0,153","23m",-
"35.243.0.245","10078","","","CONNECT","Elite","UNITED STATES","Public supremenewyork","0,159","33m",X
"35.243.0.243","10072","","","CONNECT","Elite","UNITED STATES","Public supremenewyork","0,150","36m",-
"35.243.0.249","10066","","","CONNECT","Elite","UNITED STATES","Public supremenewyork","0,152","38m",-
"35.243.0.245","10073","","","CONNECT","Elite","UNITED STATES","Public SSL","0,151","18m",-
"35.243.0.249","10069","","","CONNECT","Elite","UNITED STATES","Public SSL","0,152","15m",-
"35.243.0.243","10079","","","CONNECT","Elite","UNITED STATES","Public SSL","0,152","18m",-
"35.243.0.245","10072","","","CONNECT","Elite","UNITED STATES","Public supremenewyork","0,152","39m",-
"35.243.0.249","10068","","","CONNECT","Elite","UNITED STATES","Public SSL","0,152","18m",-
"35.243.0.243","10078","","","CONNECT","Elite","UNITED STATES","Public SSL","0,152","17m",-
"35.243.0.245","10075","","","CONNECT","Elite","UNITED STATES","Public supremenewyork","0,151","31m",-
"35.243.0.243","10077","","","CONNECT","Elite","UNITED STATES","Public SSL","0,162","19m",-
"35.243.0.249","10071","","","CONNECT","Elite","UNITED STATES","Public supremenewyork","0,151","38m",-
"35.243.0.249","10070","","","CONNECT","Elite","UNITED STATES","Public supremenewyork","0,152","31m",X
"35.243.0.243","10076","","","CONNECT","Elite","UNITED STATES","Public supremenewyork","0,152","36m",-
"35.243.0.245","10074","","","CONNECT","Elite","UNITED STATES","Public SSL","0,154","22m",X
"35.243.0.245","10053","","","CONNECT","Elite","UNITED STATES","Public supremenewyork","0,152","34m",-
"35.243.0.243","10051","","","CONNECT","Elite","UNITED STATES","Public supremenewyork","0,153","35m",X
"35.243.0.245","10052","","","CONNECT","Elite","UNITED STATES","Public supremenewyork","0,154","33m",-
"35.243.0.243","10050","","","CONNECT","Elite","UNITED STATES","Public supremenewyork","0,151","38m",-
"35.243.0.249","10056","","","CONNECT","Elite","UNITED STATES","Public SSL","0,154","18m",-
"35.243.0.245","10055","","","CONNECT","Elite","UNITED STATES","Public supremenewyork","0,152","36m",-
"35.243.0.249","10058","","","CONNECT","Elite","UNITED STATES","Public supremenewyork","0,152","34m",-
"35.243.0.245","10054","","","CONNECT","Elite","UNITED STATES","Public supremenewyork","0,152","32m",X
"35.243.0.243","10048","","","CONNECT","Elite","UNITED STATES","Public supremenewyork","0,151","36m",-
"35.243.0.249","10061","","","CONNECT","Elite","UNITED STATES","Public supremenewyork","0,154","36m",-
"35.243.0.243","10055","","","CONNECT","Elite","UNITED STATES","Public SSL","0,153","13m",X
"35.243.0.243","10054","","","CONNECT","Elite","UNITED STATES","Public supremenewyork","0,152","37m",X
"35.243.0.249","10060","","","CONNECT","Elite","UNITED STATES","Public SSL","0,152","19m",X
"35.243.0.245","10048","","","CONNECT","Elite","UNITED STATES","Public SSL","0,151","16m",X
"35.243.0.249","10063","","","CONNECT","Elite","UNITED STATES","Public supremenewyork","0,152","40m",-
"35.243.0.243","10053","","","CONNECT","Elite","UNITED STATES","Public SSL","0,152","12m",X
"35.243.0.245","10051","","","CONNECT","Elite","UNITED STATES","Public SSL","0,152","14m",-
"35.243.0.249","10062","","","CONNECT","Elite","UNITED STATES","Public supremenewyork","0,152","39m",X
"35.243.0.245","10050","","","CONNECT","Elite","UNITED STATES","Public SSL","0,160","12m",X
"35.243.0.243","10052","","","CONNECT","Elite","UNITED STATES","Public supremenewyork","0,152","39m",-
"35.243.0.249","10049","","","CONNECT","Elite","UNITED STATES","Public supremenewyork","0,152","31m",-
"35.243.0.245","10061","","","CONNECT","Elite","UNITED STATES","Public SSL","0,151","17m",-
"35.243.0.243","10058","","","CONNECT","Elite","UNITED STATES","Public SSL","0,153","17m",-
"35.243.0.249","10048","","","CONNECT","Elite","UNITED STATES","Public SSL","0,151","13m",X
"35.243.0.245","10060","","","CONNECT","Elite","UNITED STATES","Public SSL","0,152","16m",X
"35.243.0.245","10063","","","CONNECT","Elite","UNITED STATES","Public supremenewyork","0,152","35m",-
"35.243.0.249","10051","","","CONNECT","Elite","UNITED STATES","Public SSL","0,152","21m",-
"35.243.0.249","10050","","","CONNECT","Elite","UNITED STATES","Public supremenewyork","0,152","37m",X
"35.243.0.245","10062","","","CONNECT","Elite","UNITED STATES","Public SSL","0,152","19m",-
"35.243.0.243","10056","","","CONNECT","Elite","UNITED STATES","Public SSL","0,152","14m",-
"35.243.0.249","10053","","","CONNECT","Elite","UNITED STATES","Public SSL","0,153","18m",-
"35.243.0.243","10063","","","CONNECT","Elite","UNITED STATES","Public SSL","0,151","14m",X
"35.243.0.249","10052","","","CONNECT","Elite","UNITED STATES","Public SSL","0,152","19m",-
"35.243.0.243","10062","","","CONNECT","Elite","UNITED STATES","Public SSL","0,153","16m",-
"35.243.0.245","10056","","","CONNECT","Elite","UNITED STATES","Public SSL","0,151","14m",-
"35.243.0.249","10055","","","CONNECT","Elite","UNITED STATES","Public supremenewyork","0,153","34m",-
"35.243.0.243","10061","","","CONNECT","Elite","UNITED STATES","Public SSL","0,152","18m",-
"35.243.0.243","10060","","","CONNECT","Elite","UNITED STATES","Public supremenewyork","0,152","36m",-
"35.243.0.249","10054","","","CONNECT","Elite","UNITED STATES","Public SSL","0,154","21m",X
"35.243.0.245","10058","","","CONNECT","Elite","UNITED STATES","Public SSL","0,152","17m",-
"35.243.0.245","10037","","","CONNECT","Elite","UNITED STATES","Public supremenewyork","0,152","36m",-
"35.243.0.243","10035","","","CONNECT","Elite","UNITED STATES","Public SSL","0,153","13m",-
"35.243.0.249","10040","","","CONNECT","Elite","UNITED STATES","Public supremenewyork","0,151","36m",-
"35.243.0.243","10034","","","CONNECT","Elite","UNITED STATES","Public SSL","0,159","17m",-
"35.243.0.245","10036","","","CONNECT","Elite","UNITED STATES","Public SSL","0,154","19m",X
"35.243.0.243","10033","","","CONNECT","Elite","UNITED STATES","Public supremenewyork","0,152","35m",-
"35.243.0.249","10043","","","CONNECT","Elite","UNITED STATES","Public SSL","0,151","15m",-
"35.243.0.245","10039","","","CONNECT","Elite","UNITED STATES","Public SSL","0,151","13m",X
"35.243.0.249","10042","","","CONNECT","Elite","UNITED STATES","Public supremenewyork","0,151","37m",X
"35.243.0.243","10032","","","CONNECT","Elite","UNITED STATES","Public supremenewyork","0,152","38m",-
"35.243.0.245","10038","","","CONNECT","Elite","UNITED STATES","Public SSL","0,152","14m",-
"35.243.0.243","10039","","","CONNECT","Elite","UNITED STATES","Public supremenewyork","0,152","35m",-
"35.243.0.245","10033","","","CONNECT","Elite","UNITED STATES","Public SSL","0,152","17m",-
"35.243.0.249","10044","","","CONNECT","Elite","UNITED STATES","Public supremenewyork","0,153","33m",X
"35.243.0.243","10038","","","CONNECT","Elite","UNITED STATES","Public supremenewyork","0,153","31m",X
"35.243.0.245","10032","","","CONNECT","Elite","UNITED STATES","Public supremenewyork","0,151","34m",-
"35.243.0.243","10037","","","CONNECT","Elite","UNITED STATES","Public supremenewyork","0,152","38m",X
"35.243.0.245","10035","","","CONNECT","Elite","UNITED STATES","Public SSL","0,151","12m",-
"35.243.0.245","10034","","","CONNECT","Elite","UNITED STATES","Public supremenewyork","0,152","31m",X
"35.243.0.243","10036","","","CONNECT","Elite","UNITED STATES","Public supremenewyork","0,151","32m",X
"35.243.0.249","10046","","","CONNECT","Elite","UNITED STATES","Public SSL","0,152","15m",X
"35.243.0.249","10033","","","CONNECT","Elite","UNITED STATES","Public supremenewyork","0,151","38m",X
"35.243.0.243","10043","","","CONNECT","Elite","UNITED STATES","Public SSL","0,152","17m",-
"35.243.0.243","10042","","","CONNECT","Elite","UNITED STATES","Public supremenewyork","0,153","37m",X
"35.243.0.249","10032","","","CONNECT","Elite","UNITED STATES","Public SSL","0,152","16m",X
"35.243.0.245","10044","","","CONNECT","Elite","UNITED STATES","Public SSL","0,152","24m",-
"35.243.0.249","10035","","","CONNECT","Elite","UNITED STATES","Public SSL","0,151","14m",-
"35.243.0.249","10034","","","CONNECT","Elite","UNITED STATES","Public SSL","0,152","17m",-
"35.243.0.245","10046","","","CONNECT","Elite","UNITED STATES","Public SSL","0,152","17m",-
"35.243.0.243","10040","","","CONNECT","Elite","UNITED STATES","Public SSL","0,152","13m",-
"35.243.0.249","10037","","","CONNECT","Elite","UNITED STATES","Public SSL","0,153","24m",X
"35.243.0.243","10046","","","CONNECT","Elite","UNITED STATES","Public SSL","0,152","15m",X
"35.243.0.245","10040","","","CONNECT","Elite","UNITED STATES","Public SSL","0,151","14m",-
"35.243.0.249","10036","","","CONNECT","Elite","UNITED STATES","Public SSL","0,151","13m",X
"35.243.0.245","10043","","","CONNECT","Elite","UNITED STATES","Public supremenewyork","0,151","34m",X
"35.243.0.249","10039","","","CONNECT","Elite","UNITED STATES","Public supremenewyork","0,161","38m",-
"35.243.0.243","10044","","","CONNECT","Elite","UNITED STATES","Public supremenewyork","0,151","32m",-
"35.243.0.245","10042","","","CONNECT","Elite","UNITED STATES","Public supremenewyork","0,152","37m",-
"35.243.0.249","10038","","","CONNECT","Elite","UNITED STATES","Public SSL","0,152","19m",X
"35.243.0.245","10021","","","CONNECT","Elite","UNITED STATES","Public supremenewyork","0,152","33m",-
"35.243.0.243","10019","","","CONNECT","Elite","UNITED STATES","Public supremenewyork","0,151","34m",-
"35.243.0.249","10024","","","CONNECT","Elite","UNITED STATES","Public supremenewyork","0,152","34m",-
"35.243.0.245","10020","","","CONNECT","Elite","UNITED STATES","Public supremenewyork","0,151","36m",X
"35.243.0.243","10018","","","CONNECT","Elite","UNITED STATES","Public SSL","0,151","17m",-
"35.243.0.243","10017","","","CONNECT","Elite","UNITED STATES","Public SSL","0,152","17m",X
"35.243.0.249","10027","","","CONNECT","Elite","UNITED STATES","Public SSL","0,153","14m",-
"35.243.0.245","10022","","","CONNECT","Elite","UNITED STATES","Public SSL","0,153","18m",X
"35.243.0.243","10016","","","CONNECT","Elite","UNITED STATES","Public SSL","0,151","14m",X
"35.243.0.249","10026","","","CONNECT","Elite","UNITED STATES","Public SSL","0,151","15m",-
"35.243.0.249","10029","","","CONNECT","Elite","UNITED STATES","Public SSL","0,153","19m",-
"35.243.0.245","10017","","","CONNECT","Elite","UNITED STATES","Public SSL","0,152","18m",-
"35.243.0.243","10022","","","CONNECT","Elite","UNITED STATES","Public supremenewyork","0,152","36m",X
"35.243.0.245","10016","","","CONNECT","Elite","UNITED STATES","Public SSL","0,154","24m",X
"35.243.0.249","10028","","","CONNECT","Elite","UNITED STATES","Public SSL","0,153","20m",X
"35.243.0.243","10021","","","CONNECT","Elite","UNITED STATES","Public supremenewyork","0,152","36m",-
"35.243.0.249","10031","","","CONNECT","Elite","UNITED STATES","Public SSL","0,154","19m",-
"35.243.0.245","10019","","","CONNECT","Elite","UNITED STATES","Public SSL","0,152","19m",-
"35.243.0.243","10020","","","CONNECT","Elite","UNITED STATES","Public supremenewyork","0,152","33m",-
"35.243.0.245","10018","","","CONNECT","Elite","UNITED STATES","Public SSL","0,151","13m",X
"35.243.0.249","10030","","","CONNECT","Elite","UNITED STATES","Public SSL","0,153","24m",-
"35.243.0.249","10017","","","CONNECT","Elite","UNITED STATES","Public supremenewyork","0,155","31m",X
"35.243.0.245","10029","","","CONNECT","Elite","UNITED STATES","Public SSL","0,151","17m",-
"35.243.0.243","10027","","","CONNECT","Elite","UNITED STATES","Public supremenewyork","0,151","36m",-
"35.243.0.249","10016","","","CONNECT","Elite","UNITED STATES","Public supremenewyork","0,152","31m",-
"35.243.0.245","10028","","","CONNECT","Elite","UNITED STATES","Public SSL","0,153","14m",-
"35.243.0.243","10026","","","CONNECT","Elite","UNITED STATES","Public supremenewyork","0,152","39m",X
"35.243.0.243","10025","","","CONNECT","Elite","UNITED STATES","Public supremenewyork","0,152","34m",-
"35.243.0.249","10019","","","CONNECT","Elite","UNITED STATES","Public SSL","0,151","17m",-
"35.243.0.245","10031","","","CONNECT","Elite","UNITED STATES","Public SSL","0,151","15m",X
"35.243.0.245","10030","","","CONNECT","Elite","UNITED STATES","Public supremenewyork","0,152","34m",-
"35.243.0.249","10018","","","CONNECT","Elite","UNITED STATES","Public SSL","0,152","18m",X
"35.243.0.243","10024","","","CONNECT","Elite","UNITED STATES","Public SSL","0,152","24m",-
"35.243.0.249","10021","","","CONNECT","Elite","UNITED STATES","Public SSL","0,153","19m",X
"35.243.0.245","10025","","","CONNECT","Elite","UNITED STATES","Public SSL","0,151","15m",X
"35.243.0.243","10031","","","CONNECT","Elite","UNITED STATES","Public SSL","0,151","15m",-
"35.243.0.245","10024","","","CONNECT","Elite","UNITED STATES","Public supremenewyork","0,152","30m",X
"35.243.0.243","10030","","","CONNECT","Elite","UNITED STATES","Public supremenewyork","0,153","31m",X
"35.243.0.249","10020","","","CONNECT","Elite","UNITED STATES","Public SSL","0,156","18m",X
"35.243.0.245","10027","","","CONNECT","Elite","UNITED STATES","Public supremenewyork","0,151","33m",X
"35.243.0.243","10029","","","CONNECT","Elite","UNITED STATES","Public SSL","0,152","15m",-
"35.243.0.243","10028","","","CONNECT","Elite","UNITED STATES","Public SSL","0,152","18m",-
"35.243.0.249","10022","","","CONNECT","Elite","UNITED STATES","Public SSL","0,160","17m",-
"35.243.0.245","10026","","","CONNECT","Elite","UNITED STATES","Public SSL","0,161","17m",-
"35.243.0.243","10003","","","CONNECT","Elite","UNITED STATES","Public supremenewyork","0,152","33m",-
"35.243.0.245","10005","","","CONNECT","Elite","UNITED STATES","Public supremenewyork","0,151","31m",-
"35.243.0.249","10009","","","CONNECT","Elite","UNITED STATES","Public supremenewyork","0,159","33m",-
"35.243.0.245","10004","","","CONNECT","Elite","UNITED STATES","Public SSL","0,152","19m",X
"35.243.0.249","10008","","","CONNECT","Elite","UNITED STATES","Public SSL","0,163","19m",-
"35.243.0.243","10002","","","CONNECT","Elite","UNITED STATES","Public SSL","0,152","14m",-
"35.243.0.245","10007","","","CONNECT","Elite","UNITED STATES","Public supremenewyork","0,152","33m",-
"35.243.0.249","10011","","","CONNECT","Elite","UNITED STATES","Public SSL","0,153","19m",-
"35.243.0.243","10001","","","CONNECT","Elite","UNITED STATES","Public SSL","0,152","18m",-
"35.243.0.243","10000","","","CONNECT","Elite","UNITED STATES","Public supremenewyork","0,152","31m",-
"35.243.0.245","10006","","","CONNECT","Elite","UNITED STATES","Public SSL","0,160","24m",-
"35.243.0.249","10010","","","CONNECT","Elite","UNITED STATES","Public SSL","0,152","17m",-
"35.243.0.243","10007","","","CONNECT","Elite","UNITED STATES","Public supremenewyork","0,151","35m",-
"35.243.0.249","10013","","","CONNECT","Elite","UNITED STATES","Public supremenewyork","0,151","40m",X
"35.243.0.245","10001","","","CONNECT","Elite","UNITED STATES","Public SSL","0,152","19m",-
"35.243.0.243","10006","","","CONNECT","Elite","UNITED STATES","Public supremenewyork","0,152","34m",-
"35.243.0.249","10012","","","CONNECT","Elite","UNITED STATES","Public SSL","0,152","13m",X
"35.243.0.245","10000","","","CONNECT","Elite","UNITED STATES","Public SSL","0,153","14m",-
"35.243.0.243","10005","","","CONNECT","Elite","UNITED STATES","Public supremenewyork","0,152","40m",-
"35.243.0.245","10003","","","CONNECT","Elite","UNITED STATES","Public SSL","0,154","19m",-
"35.243.0.249","10015","","","CONNECT","Elite","UNITED STATES","Public SSL","0,160","24m",-
"35.243.0.245","10002","","","CONNECT","Elite","UNITED STATES","Public SSL","0,151","15m",X
"35.243.0.249","10014","","","CONNECT","Elite","UNITED STATES","Public SSL","0,152","14m",-
"35.243.0.243","10004","","","CONNECT","Elite","UNITED STATES","Public SSL","0,151","14m",-
"35.243.0.243","10011","","","CONNECT","Elite","UNITED STATES","Public SSL","0,153","24m",-
"35.243.0.245","10013","","","CONNECT","Elite","UNITED STATES","Public SSL","0,152","15m",-
"35.243.0.249","10001","","","CONNECT","Elite","UNITED STATES","Public SSL","0,153","16m",-
"35.243.0.245","10012","","","CONNECT","Elite","UNITED STATES","Public supremenewyork","0,152","31m",X
"35.243.0.249","10000","","","CONNECT","Elite","UNITED STATES","Public SSL","0,152","14m",-
"35.243.0.243","10010","","","CONNECT","Elite","UNITED STATES","Public supremenewyork","0,160","38m",-
"35.243.0.249","10003","","","CONNECT","Elite","UNITED STATES","Public supremenewyork","0,153","36m",X
"35.243.0.245","10015","","","CONNECT","Elite","UNITED STATES","Public SSL","0,153","17m",-
"35.243.0.243","10009","","","CONNECT","Elite","UNITED STATES","Public SSL","0,153","13m",-
"35.243.0.249","10002","","","CONNECT","Elite","UNITED STATES","Public supremenewyork","0,152","37m",-
"35.243.0.243","10008","","","CONNECT","Elite","UNITED STATES","Public SSL","0,153","19m",-
"35.243.0.245","10014","","","CONNECT","Elite","UNITED STATES","Public SSL","0,152","18m",-
"35.243.0.249","10005","","","CONNECT","Elite","UNITED STATES","Public supremenewyork","0,152","32m",-
"35.243.0.243","10015","","","CONNECT","Elite","UNITED STATES","Public SSL","0,151","15m",-
"35.243.0.245","10009","","","CONNECT","Elite","UNITED STATES","Public SSL","0,153","18m",-
"35.243.0.243","10014","","","CONNECT","Elite","UNITED STATES","Public supremenewyork","0,156","38m",X
"35.243.0.249","10004","","","CONNECT","Elite","UNITED STATES","Public SSL","0,151","13m",-
"35.243.0.245","10008","","","CONNECT","Elite","UNITED STATES","Public SSL","0,153","16m",X
"35.243.0.245","10011","","","CONNECT","Elite","UNITED STATES","Public supremenewyork","0,151","39m",-
"35.243.0.249","10007","","","CONNECT","Elite","UNITED STATES","Public SSL","0,153","12m",-
"35.243.0.243","10013","","","CONNECT","Elite","UNITED STATES","Public SSL","0,153","13m",-
"35.243.0.245","10010","","","CONNECT","Elite","UNITED STATES","Public supremenewyork","0,151","36m",-
"35.243.0.243","10012","","","CONNECT","Elite","UNITED STATES","Public SSL","0,153","15m",-
"35.243.0.249","10006","","","CONNECT","Elite","UNITED STATES","Public SSL","0,153","17m",-
"35.243.1.4","23924","","","CONNECT","Elite","UNITED STATES","Public supremenewyork","0,153","34m",X
"35.243.0.243","23924","","","CONNECT","Elite","UNITED STATES","Public SSL","0,153","20m",-
"35.243.0.249","23924","","","CONNECT","Elite","UNITED STATES","Public SSL","0,154","19m",-
"35.243.1.4","29623","","","CONNECT","Elite","UNITED STATES","Public supremenewyork","0,160","31m",X
"35.243.0.249","29661","","","CONNECT","Elite","UNITED STATES","Public SSL","0,150","12m",-
"35.243.0.245","29661","","","CONNECT","Elite","UNITED STATES","Public SSL","0,152","19m",-
"35.243.0.243","29661","","","CONNECT","Elite","UNITED STATES","Public supremenewyork","0,152","36m",-
"35.243.0.245","29623","","","CONNECT","Elite","UNITED STATES","Public SSL","0,152","23m",-
"35.243.0.243","29623","","","CONNECT","Elite","UNITED STATES","Public supremenewyork","0,152","32m",-
"35.243.0.249","29623","","","CONNECT","Elite","UNITED STATES","Public SSL","0,159","15m",-
"36.37.147.34","8080","","","CONNECT","Elite","CAMBODIA","Public","2,287","31m",-
"36.37.251.137","8080","","","CONNECT","Elite","CAMBODIA","Public Facebook supremenewyork","3,320","36m",-
"36.110.143.55","8080","","","CONNECT","Elite","CHINA","Public Google SSL","0,301","17m",X
"36.138.252.123","7890","","","CONNECT","Elite","CHINA","Public","0,259","37m",X
"36.147.78.166","80","","","CONNECT","Elite","CHINA","Public","0,258","39m",X
"36.147.78.166","443","","","CONNECT","Elite","CHINA","Public","0,252","36m",X
"37.32.24.181","1080","","","SOCKS4","Elite","IRAN","Public","4,234","18m",-
"37.200.67.75","1080","","","SOCKS5","Elite","RUSSIAN FEDERATION","Public supremenewyork","0,068","44m",X
"38.54.71.67","80","","","WEB","Elite","NEPAL","Public SSL","0,298","13m",X
"39.100.88.89","80","","","CONNECT","Elite","CHINA","Public","0,318","41m",X
"39.101.65.228","80","","","CONNECT","Elite","CHINA","Public","0,318","31m",X
"39.102.208.23","80","","","CONNECT","Elite","CHINA","Public","0,313","18m",X
"39.102.208.189","80","","","CONNECT","Elite","CHINA","Public","0,301","30m",X
"39.102.209.121","80","","","CONNECT","Elite","CHINA","Public","0,311","32m",X
"39.102.209.128","80","","","CONNECT","Elite","CHINA","Public","0,303","40m",X
"39.102.209.163","80","","","CONNECT","Elite","CHINA","Public","0,316","35m",X
"39.102.210.222","80","","","CONNECT","Elite","CHINA","Public","0,309","34m",X
"39.102.210.176","80","","","CONNECT","Elite","CHINA","Public","0,309","34m",X
"39.102.213.3","80","","","CONNECT","Elite","CHINA","Public","0,316","36m",X
"39.102.213.187","80","","","CONNECT","Elite","CHINA","Public","0,307","34m",X
"39.102.214.208","80","","","CONNECT","Elite","CHINA","Public","0,308","18m",X
"39.102.214.192","80","","","CONNECT","Elite","CHINA","Public","0,301","35m",X
"39.104.69.76","80","","","CONNECT","Elite","CHINA","Public","0,302","33m",X
"40.172.232.213","4027","","","CONNECT","Elite","UNITED ARAB EMIRATES","Public SSL","0,125","19m",X
"40.176.96.235","9051","","","CONNECT","Elite","CANADA","Public supremenewyork","0,190","35m",-
"40.176.96.235","34753","","","CONNECT","Elite","CANADA","Public","0,185","23m",-
"40.192.6.219","1777","","","CONNECT","Elite","INDIA","Public supremenewyork","0,132","33m",X
"41.223.234.116","37259","","","SOCKS4","Elite","BURKINA FASO","Public Google SSL","1,165","22m",-
"42.238.240.176","7890","","","CONNECT","Elite","CHINA","Public Google SSL","2,386","15m",X
"43.134.177.187","20201","","","CONNECT","Elite","SINGAPORE","Public","0,363","32m",X
"43.135.36.240","80","","","WEB","Transparent","HONG KONG","Public","0,183","35m",X
"43.198.185.30","9192","","","CONNECT","Elite","HONG KONG","Public SSL","0,255","21m",-
"43.198.185.30","4444","","","CONNECT","Elite","HONG KONG","Public SSL","0,259","15m",-
"43.198.248.18","8664","","","CONNECT","Elite","HONG KONG","Public Facebook supremenewyork","0,248","34m",-
"43.208.25.125","276","","","CONNECT","Elite","THAILAND","Public SSL","0,270","15m",X
"43.208.240.77","10422","","","CONNECT","Elite","THAILAND","Public","0,280","24m",-
"43.209.8.12","243","","","CONNECT","Elite","THAILAND","Public supremenewyork","0,269","33m",-
"43.209.8.12","10091","","","CONNECT","Elite","THAILAND","Public","0,268","39m",-
"43.209.130.76","363","","","CONNECT","Elite","THAILAND","Public SSL","0,279","14m",-
"43.209.130.76","10078","","","CONNECT","Elite","THAILAND","Public","0,277","35m",-
"43.209.130.76","10006","","","CONNECT","Elite","THAILAND","Public","0,280","21m",-
"43.216.1.13","9150","","","CONNECT","Elite","MALAYSIA","Public Facebook supremenewyork","0,252","37m",-
"43.248.128.209","7890","","","CONNECT","Elite","CHINA","Public","0,292","22m",-
"44.251.173.250","8410","","","CONNECT","Elite","UNITED STATES","Public supremenewyork","0,185","34m",-
"44.251.173.250","2076","","","CONNECT","Elite","UNITED STATES","Public","0,178","40m",-
"45.22.209.157","8888","","","CONNECT","Elite","UNITED STATES","Public Google SSL","0,456","16m",-
"45.61.188.134","44499","","","SOCKS4","Elite","UNITED STATES","Public","0,121","42m",-
"45.65.137.218","999","","","CONNECT","Elite","COLOMBIA","Public Facebook supremenewyork","0,165","36m",X
"45.70.120.10","8080","","","CONNECT","Elite","BRAZIL","Public","3,278","40m",-
"45.118.35.146","8080","","","CONNECT","Elite","INDIA","Public Google SSL","1,257","13m",-
"45.128.135.255","1080","","","SOCKS4","Elite","NETHERLANDS","Public","1,065","44m",-
"45.180.44.88","999","","","CONNECT","Elite","COLOMBIA","Public Google SSL","0,189","24m",-
"45.186.6.104","3128","","","CONNECT","Elite","ECUADOR","Public Facebook supremenewyork","0,189","44m",X
"45.188.125.232","8080","","","CONNECT","Elite","MEXICO","Public Facebook supremenewyork","0,166","39m",-
"46.101.92.46","3128","","","WEB","Transparent","UNITED KINGDOM","Public","0,041","22m",X
"47.56.110.204","8989","","","WEB","Elite","HONG KONG","Public supremenewyork","0,192","45m",X
"47.74.46.81","80","","","CONNECT","Elite","JAPAN","Public","0,230","38m",X
"47.83.192.255","8888","","","WEB","Transparent","HONG KONG","Public","0,192","44m",X
"47.89.159.212","80","","","CONNECT","Elite","UNITED STATES","Public","0,094","37m",X
"47.89.184.18","3128","","","CONNECT","Elite","UNITED STATES","Public","0,101","19m",X
"47.90.205.231","33333","","","WEB","Elite","UNITED STATES","Public Google SSL","0,094","17m",X
"47.90.149.238","80","","","CONNECT","Elite","UNITED STATES","Public","0,092","42m",X
"47.91.29.151","80","","","CONNECT","Elite","JAPAN","Public","0,232","35m",X
"47.91.65.23","3128","","","CONNECT","Elite","GERMANY","Public","0,040","23m",-
"47.91.109.17","80","","","CONNECT","Elite","UNITED ARAB EMIRATES","Public","0,167","39m",X
"47.91.110.148","80","","","CONNECT","Elite","UNITED ARAB EMIRATES","Public","0,156","20m",X
"47.91.115.179","80","","","CONNECT","Elite","UNITED ARAB EMIRATES","Public","0,162","42m",X
"47.91.120.190","80","","","CONNECT","Elite","UNITED ARAB EMIRATES","Public","0,154","41m",X
"47.91.121.127","80","","","CONNECT","Elite","UNITED ARAB EMIRATES","Public","0,150","33m",X
"47.92.152.43","80","","","CONNECT","Elite","CHINA","Public","0,318","30m",X
"47.104.27.249","80","","","CONNECT","Elite","CHINA","Public","0,321","44m",X
"47.104.198.111","80","","","CONNECT","Elite","CHINA","Public","0,316","33m",X
"47.108.159.113","80","","","CONNECT","Elite","CHINA","Public","0,286","35m",X
"47.109.110.100","80","","","CONNECT","Elite","CHINA","Public","0,291","33m",X
"47.116.126.57","80","","","CONNECT","Elite","CHINA","Public","0,313","33m",X
"47.116.210.163","9080","","","CONNECT","Elite","CHINA","Public","0,292","24m",X
"47.119.164.33","80","","","CONNECT","Elite","CHINA","Public","0,309","30m",X
"47.120.26.153","8888","","","WEB","Transparent","CHINA","Public","0,322","31m",X
"47.121.133.212","80","","","CONNECT","Elite","CHINA","Public","0,330","38m",X
"47.121.183.107","80","","","CONNECT","Elite","CHINA","Public","0,347","33m",X
"47.237.2.245","80","","","CONNECT","Elite","SINGAPORE","Public","0,164","22m",X
"47.237.72.113","1011","","","SOCKS5","Elite","SINGAPORE","Public supremenewyork","0,164","40m",X
"47.237.92.86","80","","","CONNECT","Elite","SINGAPORE","Public","0,165","34m",X
"47.237.107.41","80","","","CONNECT","Elite","SINGAPORE","Public","0,164","35m",X
"47.237.113.119","80","","","CONNECT","Elite","SINGAPORE","Public","0,165","33m",X
"47.238.60.156","80","","","CONNECT","Elite","HONG KONG","Public","0,191","34m",X
"47.238.130.212","80","","","CONNECT","Elite","HONG KONG","Public","0,190","31m",X
"47.238.134.126","80","","","CONNECT","Elite","HONG KONG","Public","0,192","43m",X
"47.242.124.53","1011","","","SOCKS5","Elite","HONG KONG","Public Facebook supremenewyork","0,192","31m",X
"47.245.83.61","1011","","","SOCKS5","Elite","SINGAPORE","Public Google SSL","0,165","21m",X
"47.250.11.111","80","","","CONNECT","Elite","MALAYSIA","Public","0,200","33m",X
"47.250.155.254","80","","","CONNECT","Elite","MALAYSIA","Public","0,200","33m",X
"47.250.159.65","80","","","CONNECT","Elite","MALAYSIA","Public","0,211","44m",X
"47.250.177.202","80","","","CONNECT","Elite","MALAYSIA","Public","0,203","35m",X
"47.251.74.38","80","","","CONNECT","Elite","UNITED STATES","Public","0,173","33m",X
"47.251.87.74","80","","","CONNECT","Elite","UNITED STATES","Public","0,172","34m",X
"47.251.87.199","80","","","CONNECT","Elite","UNITED STATES","Public","0,165","35m",X
"47.251.43.115","33333","","","WEB","Elite","UNITED STATES","Public","0,173","23m",X
"47.252.18.37","80","","","CONNECT","Elite","UNITED STATES","Public","0,094","42m",X
"47.252.29.28","11222","","","WEB","Elite","UNITED STATES","Public","1,103","38m",X
"47.254.36.213","80","","","CONNECT","Elite","UNITED STATES","Public","0,167","35m",X
"49.156.44.115","8080","","","CONNECT","Elite","CAMBODIA","Public Facebook supremenewyork","0,232","36m",-
"50.200.166.130","8080","","","CONNECT","Elite","UNITED STATES","Public","4,241","16m",-
"51.16.49.113","993","","","CONNECT","Elite","ISRAEL","Public supremenewyork","0,067","32m",-
"51.16.56.189","3128","","","CONNECT","Elite","ISRAEL","Public supremenewyork","0,065","39m",-
"51.16.49.113","4028","","","CONNECT","Elite","ISRAEL","Public","0,071","40m",-
"51.20.192.194","373","","","CONNECT","Elite","SWEDEN","Public","0,060","34m",-
"51.68.224.9","80","","","WEB","Elite","FRANCE","Public","0,033","45m",X
"51.161.56.52","80","","","WEB","Elite","CANADA","Public","0,114","21m",X
"51.178.68.226","46753","","","SOCKS4","Elite","FRANCE","Public","3,099","22m",-
"51.254.78.223","80","","","WEB","Transparent","FRANCE","Public","0,034","44m",X
"52.47.164.226","8371","","","CONNECT","Elite","FRANCE","Public","0,036","31m",-
"52.47.164.226","11143","","","CONNECT","Elite","FRANCE","Public supremenewyork","0,031","31m",-
"52.47.164.226","4153","","","CONNECT","Elite","FRANCE","Public supremenewyork","0,031","36m",-
"52.47.164.226","25562","","","CONNECT","Elite","FRANCE","Public SSL","0,031","18m",-
"52.47.164.226","20118","","","CONNECT","Elite","FRANCE","Public","0,032","24m",-
"52.90.107.9","10068","","","CONNECT","Elite","UNITED STATES","Public SSL","0,104","20m",-
"52.90.107.9","13961","","","CONNECT","Elite","UNITED STATES","Public supremenewyork","0,097","34m",X
"52.90.107.9","4057","","","CONNECT","Elite","UNITED STATES","Public","0,104","15m",-
"52.90.107.9","155","","","CONNECT","Elite","UNITED STATES","Public supremenewyork","0,096","39m",-
"52.148.130.219","8080","","","CONNECT","Elite","UNITED STATES","Public","4,287","40m",-
"52.188.28.218","3128","","","WEB","Transparent","UNITED STATES","Public","1,103","32m",X
"54.187.162.149","8087","","","CONNECT","Elite","UNITED STATES","Public supremenewyork","0,176","39m",X
"54.187.162.149","26552","","","CONNECT","Elite","UNITED STATES","Public","0,187","23m",-
"54.199.199.66","589","","","CONNECT","Elite","JAPAN","Public SSL","0,245","18m",-
"54.199.199.66","10808","","","CONNECT","Elite","JAPAN","Public supremenewyork","0,245","31m",-
"58.147.186.226","8097","","","CONNECT","Elite","INDONESIA","Public","0,212","23m",X
"59.33.33.155","7890","","","CONNECT","Elite","CHINA","Public Facebook supremenewyork","0,311","31m",X
"60.248.185.247","80","","","CONNECT","Elite","TAIWAN","Public supremenewyork","0,296","31m",X
"61.76.95.217","40088","","","CONNECT","Elite","KOREA","Public SSL","0,261","24m",X
"61.158.175.38","9002","","","WEB","Unknown","CHINA","Public","2,405","22m",X
"62.171.152.87","8888","","","CONNECT","Elite","GERMANY","Public supremenewyork","0,037","36m",X
"63.250.32.220","3128","","","WEB","Transparent","UNITED STATES","Public","0,160","24m",X
"64.110.82.7","8080","","","WEB","Transparent","KOREA","Public","0,245","43m",X
"64.227.131.240","1080","","","SOCKS4","Elite","INDIA","Public supremenewyork","0,154","35m",-
"66.29.147.185","8080","","","CONNECT","Elite","UNITED STATES","Public","0,164","32m",-
"68.13.98.191","8888","","","CONNECT","Elite","UNITED STATES","Public SSL","0,166","20m",X
"74.84.84.132","8080","","","CONNECT","Elite","UNITED STATES","Public Facebook supremenewyork","2,171","36m",-
"77.65.50.118","34159","","","SOCKS4","Elite","POLAND","Public","0,060","15m",-
"77.242.177.57","3128","","","WEB","Anonymous","ITALY","Public","0,034","17m",X
"78.12.249.123","59394","","","CONNECT","Elite","MEXICO","Public","0,177","24m",-
"78.12.230.52","45105","","","CONNECT","Elite","MEXICO","Public","0,177","32m",-
"78.12.82.74","8244","","","CONNECT","Elite","MEXICO","Public supremenewyork","0,177","38m",-
"78.12.121.123","3129","","","CONNECT","Elite","MEXICO","Public supremenewyork","0,177","39m",X
"78.12.82.74","10961","","","CONNECT","Elite","MEXICO","Public","0,179","14m",-
"78.12.121.123","419","","","CONNECT","Elite","MEXICO","Public supremenewyork","0,185","33m",-
"78.12.143.148","8045","","","CONNECT","Elite","MEXICO","Public supremenewyork","0,178","37m",-
"78.12.220.164","17976","","","CONNECT","Elite","MEXICO","Public SSL","0,184","24m",-
"78.12.193.249","413","","","CONNECT","Elite","MEXICO","Public supremenewyork","0,177","35m",-
"78.12.193.249","389","","","CONNECT","Elite","MEXICO","Public supremenewyork","0,176","40m",X
"78.12.205.109","648","","","CONNECT","Elite","MEXICO","Public SSL","0,179","21m",-
"78.12.223.165","3128","","","CONNECT","Elite","MEXICO","Public supremenewyork","0,177","40m",X
"78.12.143.148","21951","","","CONNECT","Elite","MEXICO","Public","0,177","34m",-
"78.12.223.165","1080","","","SOCKS4","Elite","MEXICO","Public","0,184","33m",X
"78.12.223.246","739","","","CONNECT","Elite","MEXICO","Public","0,179","14m",-
"78.12.193.250","9080","","","CONNECT","Elite","MEXICO","Public supremenewyork","0,177","39m",-
"78.12.193.249","10025","","","CONNECT","Elite","MEXICO","Public SSL","0,187","23m",X
"78.12.230.52","297","","","CONNECT","Elite","MEXICO","Public supremenewyork","0,177","40m",X
"78.12.205.109","10105","","","CONNECT","Elite","MEXICO","Public SSL","0,187","15m",-
"78.12.230.52","8021","","","CONNECT","Elite","MEXICO","Public supremenewyork","0,177","35m",X
"78.13.74.125","11739","","","CONNECT","Elite","MEXICO","Public SSL","0,186","20m",-
"78.13.74.125","9765","","","CONNECT","Elite","MEXICO","Public SSL","0,176","14m",-
"78.13.74.125","9246","","","CONNECT","Elite","MEXICO","Public supremenewyork","0,178","39m",X
"78.80.228.150","80","","","WEB","Elite","CZECH REPUBLIC","Public","0,063","41m",X
"79.127.56.147","8080","","","CONNECT","Elite","IRAN","Public","4,230","15m",-
"81.31.234.70","80","","","CONNECT","Elite","THAILAND","Public Facebook supremenewyork","0,190","34m",-
"81.70.56.134","8085","","","WEB","Elite","CHINA","Public","0,299","33m",X
"81.90.149.188","3128","","","CONNECT","Elite","IRAN","Public","0,129","19m",X
"82.137.250.156","4145","","","SOCKS4","Elite","SYRIAN ARAB REPUBLIC","Public Facebook supremenewyork","0,094","42m",-
"84.39.112.144","3128","","","WEB","Transparent","SWITZERLAND","Public","0,052","23m",X
"85.30.219.207","80","","","CONNECT","Elite","RUSSIAN FEDERATION","Public","3,193","41m",-
"86.109.3.24","10066","","","CONNECT","Elite","UNITED STATES","Public Facebook supremenewyork","0,305","33m",-
"86.109.3.23","10093","","","CONNECT","Elite","UNITED STATES","Public","0,538","21m",-
"87.239.31.42","80","","","WEB","Transparent","RUSSIAN FEDERATION","Public","0,078","34m",X
"88.245.138.87","1080","","","SOCKS4","Elite","TURKEY","Public Google SSL","0,087","14m",-
"89.43.31.134","3128","","","CONNECT","Elite","TURKEY","Public","0,087","18m",X
"89.58.55.33","80","","","WEB","Elite","GERMANY","Public SSL","0,045","23m",X
"89.58.57.45","80","","","WEB","Elite","GERMANY","Public supremenewyork","0,046","34m",X
"89.169.36.109","1080","","","SOCKS5","Elite","KAZAKHSTAN","Public SSL","0,110","19m",-
"90.156.197.189","8080","","","CONNECT","Elite","UZBEKISTAN","Public Google SSL","0,198","15m",-
"90.162.35.34","80","","","WEB","Elite","SPAIN","Public","0,031","24m",X
"90.189.165.238","1080","","","SOCKS5","Elite","RUSSIAN FEDERATION","Public","0,128","43m",-
"91.84.99.28","80","","","CONNECT","Elite","NETHERLANDS","Public supremenewyork","0,062","31m",X
"94.247.241.70","53640","","","CONNECT","Elite","RUSSIAN FEDERATION","Public supremenewyork","0,071","39m",-
"95.9.50.41","34983","","","CONNECT","Elite","TURKEY","Public Facebook supremenewyork","0,132","31m",X
"95.47.238.102","3128","","","CONNECT","Elite","UZBEKISTAN","Public Google SSL","0,201","16m",-
"96.126.98.244","9090","","","SOCKS5","Elite","UNITED STATES","Public Facebook supremenewyork","0,166","32m",X
"96.126.98.101","9090","","","SOCKS5","Elite","UNITED STATES","Public Google SSL","0,167","23m",X
"97.74.87.226","80","","","WEB","Elite","SINGAPORE","Public supremenewyork","0,242","44m",X
"101.66.199.25","8085","","","WEB","Elite","CHINA","Public","0,337","33m",X
"101.66.199.101","8085","","","WEB","Elite","CHINA","Public","0,346","20m",X
"101.66.198.42","8085","","","WEB","Elite","CHINA","Public","0,345","36m",X
"101.66.195.209","8085","","","WEB","Elite","CHINA","Public","0,392","32m",X
"101.109.245.157","3128","","","CONNECT","Elite","THAILAND","Public Facebook supremenewyork","2,259","39m",X
"101.132.222.120","80","","","WEB","Elite","CHINA","Public","0,293","34m",X
"101.201.225.47","80","","","WEB","Transparent","CHINA","Public","0,313","24m",X
"102.216.74.128","8080","","","CONNECT","Elite","SOUTH AFRICA","Public","1,215","19m",-
"103.26.109.62","9256","","","CONNECT","Elite","INDIA","Public","0,183","24m",-
"103.49.202.252","80","","","WEB","Transparent","BANGLADESH","Public","0,206","31m",X
"103.72.89.124","8097","","","CONNECT","Elite","INDONESIA","Public","2,286","21m",-
"103.73.101.16","1080","","","SOCKS4","Elite","PAKISTAN","Public","0,181","31m",-
"103.76.107.2","8085","","","CONNECT","Elite","INDONESIA","Public","4,310","32m",-
"103.82.22.43","10001","","","SOCKS4","Elite","VIETNAM","Public supremenewyork","0,300","39m",X
"103.86.109.38","80","","","WEB","Transparent","BANGLADESH","Public","0,205","17m",X
"103.109.212.166","6124","","","CONNECT","Elite","BANGLADESH","Public Facebook supremenewyork","2,238","31m",X
"103.122.64.248","8090","","","CONNECT","Elite","INDONESIA","Public Google SSL","0,177","23m",-
"103.127.23.10","5678","","","SOCKS4","Elite","INDIA","Public supremenewyork","1,230","40m",-
"103.134.246.42","80","","","CONNECT","Elite","INDONESIA","Public Google SSL","3,271","16m",-
"103.159.96.72","8080","","","CONNECT","Elite","INDONESIA","Public","4,320","35m",-
"103.162.50.13","80","","","CONNECT","Elite","BANGLADESH","Public","1,263","16m",-
"103.162.54.164","2233","","","CONNECT","Elite","INDONESIA","Public","3,276","44m",-
"103.163.103.163","8010","","","CONNECT","Elite","INDONESIA","Public","1,205","22m",X
"103.168.207.42","8080","","","CONNECT","Elite","BANGLADESH","Public","4,288","34m",-
"103.169.132.46","3128","","","CONNECT","Elite","INDONESIA","Public Google SSL","2,235","21m",-
"103.216.253.50","20000","","","SOCKS5","Elite","CHINA","Public Google SSL","0,339","17m",X
"103.220.204.166","3325","","","CONNECT","Elite","BANGLADESH","Public","3,274","38m",X
"103.231.78.36","80","","","WEB","Transparent","INDIA","Public","0,186","43m",X
"104.238.228.201","3128","","","WEB","Transparent","UNITED STATES","Public","0,184","32m",X
"109.135.16.145","49879","","","SOCKS5","Elite","BELGIUM","Public","1,126","12m",-
"110.235.255.100","80","","","CONNECT","Elite","CAMBODIA","Public","4,282","31m",-
"113.193.192.2","8080","","","CONNECT","Elite","INDIA","Public","3,322","36m",X
"113.204.79.230","9091","","","WEB","Unknown","CHINA","Public","0,345","24m",X
"114.215.127.92","80","","","CONNECT","Elite","CHINA","Public","0,340","34m",X
"115.231.181.40","8128","","","WEB","Transparent","CHINA","Public","0,304","21m",X
"116.80.44.80","3172","","","WEB","Transparent","JAPAN","Public","1,339","38m",X
"116.80.44.82","3172","","","WEB","Transparent","JAPAN","Public","2,312","24m",X
"116.80.45.203","3172","","","WEB","Transparent","JAPAN","Public","1,313","32m",X
"116.80.47.46","3172","","","WEB","Transparent","JAPAN","Public","1,332","36m",X
"116.80.47.47","3172","","","WEB","Transparent","JAPAN","Public","1,331","13m",X
"116.80.47.53","3172","","","WEB","Transparent","JAPAN","Public","1,332","38m",X
"116.80.47.55","3172","","","WEB","Transparent","JAPAN","Public","1,317","24m",X
"116.80.47.49","3172","","","WEB","Transparent","JAPAN","Public","2,324","36m",X
"116.80.47.60","3172","","","WEB","Transparent","JAPAN","Public","3,385","38m",X
"116.80.47.61","3172","","","WEB","Transparent","JAPAN","Public","1,325","32m",X
"116.80.47.58","3172","","","WEB","Transparent","JAPAN","Public","1,314","19m",X
"116.80.47.17","3172","","","WEB","Transparent","JAPAN","Public","1,327","24m",X
"116.80.43.205","3172","","","WEB","Transparent","JAPAN","Public","1,333","36m",X
"116.80.60.63","3172","","","WEB","Transparent","JAPAN","Public","1,321","31m",X
"116.80.63.46","3172","","","WEB","Transparent","JAPAN","Public","2,334","17m",X
"116.80.58.222","3172","","","WEB","Transparent","JAPAN","Public","1,322","33m",X
"116.80.59.245","3172","","","WEB","Transparent","JAPAN","Public","2,348","24m",X
"116.80.59.172","3172","","","WEB","Transparent","JAPAN","Public","1,322","24m",X
"116.80.92.65","3172","","","WEB","Transparent","JAPAN","Public","2,339","39m",X
"116.80.92.148","3172","","","WEB","Transparent","JAPAN","Public","1,321","14m",X
"116.80.92.149","3172","","","WEB","Transparent","JAPAN","Public","1,331","24m",X
"116.80.92.147","3172","","","WEB","Transparent","JAPAN","Public","2,358","35m",X
"116.80.93.34","3172","","","WEB","Transparent","JAPAN","Public","3,355","39m",X
"116.80.93.54","3172","","","WEB","Transparent","JAPAN","Public","1,322","24m",X
"116.80.94.190","3172","","","WEB","Transparent","JAPAN","Public","2,330","24m",X
"116.80.94.187","3172","","","WEB","Transparent","JAPAN","Public","1,312","39m",X
"116.80.90.111","3172","","","WEB","Transparent","JAPAN","Public","1,327","32m",X
"116.80.80.198","3172","","","WEB","Transparent","JAPAN","Public","1,312","36m",X
"116.80.80.192","3172","","","WEB","Transparent","JAPAN","Public","1,306","39m",X
"116.80.80.194","3172","","","WEB","Transparent","JAPAN","Public","1,308","14m",X
"116.80.80.195","3172","","","WEB","Transparent","JAPAN","Public","1,344","35m",X
"116.80.80.200","3172","","","WEB","Transparent","JAPAN","Public","1,324","24m",X
"116.80.80.173","3172","","","WEB","Transparent","JAPAN","Public","1,303","33m",X
"116.80.80.180","3172","","","WEB","Transparent","JAPAN","Public","2,325","24m",X
"116.80.80.181","3172","","","WEB","Transparent","JAPAN","Public","1,313","30m",X
"116.80.80.188","3172","","","WEB","Transparent","JAPAN","Public","1,291","36m",X
"116.80.80.191","3172","","","WEB","Transparent","JAPAN","Public","1,307","16m",X
"116.80.80.184","3172","","","WEB","Transparent","JAPAN","Public","1,324","38m",X
"116.80.80.187","3172","","","WEB","Transparent","JAPAN","Public","1,329","12m",X
"117.161.170.163","9095","","","CONNECT","Elite","CHINA","Public","3,362","31m",-
"117.161.170.163","9081","","","SOCKS5","Elite","CHINA","Public","0,313","33m",-
"119.18.149.9","5720","","","CONNECT","Elite","BANGLADESH","Public","0,221","32m",X
"119.18.146.36","2314","","","CONNECT","Elite","BANGLADESH","Public","0,213","32m",X
"119.100.148.2","7890","","","CONNECT","Elite","CHINA","Public","0,598","39m",X
"119.148.39.241","2727","","","CONNECT","Elite","BANGLADESH","Public Facebook supremenewyork","0,303","34m",X
"120.26.0.11","8880","","","WEB","Elite","CHINA","Public","0,300","16m",X
"120.26.52.35","80","","","CONNECT","Elite","CHINA","Public","0,298","18m",X
"120.26.104.146","80","","","CONNECT","Elite","CHINA","Public","0,319","38m",X
"120.55.240.71","8647","","","WEB","Unknown","CHINA","Public","0,303","33m",X
"121.43.109.88","80","","","CONNECT","Elite","CHINA","Public","0,321","38m",X
"121.43.154.123","80","","","CONNECT","Elite","CHINA","Public","0,334","34m",X
"121.101.132.181","7777","","","CONNECT","Elite","INDONESIA","Public","2,246","23m",-
"123.146.109.112","1080","","","SOCKS4","Elite","CHINA","Public","2,387","30m",X
"123.200.11.46","2314","","","CONNECT","Elite","BANGLADESH","Public Facebook supremenewyork","0,217","32m",X
"124.83.96.37","8082","","","CONNECT","Elite","PHILIPPINES","Public Google SSL","0,263","24m",-
"125.227.169.85","38157","","","SOCKS4","Elite","TAIWAN","Public Facebook supremenewyork","0,286","44m",-
"128.199.114.189","9090","","","CONNECT","Elite","SINGAPORE","Public supremenewyork","0,162","39m",X
"128.199.113.85","9090","","","CONNECT","Elite","SINGAPORE","Public Facebook supremenewyork","0,164","44m",-
"128.199.116.219","9090","","","CONNECT","Elite","SINGAPORE","Public","0,164","32m",X
"128.199.121.61","9090","","","CONNECT","Elite","SINGAPORE","Public","0,164","38m",-
"128.199.202.122","3128","","","WEB","Elite","SINGAPORE","Public","0,166","44m",X
"128.199.202.122","80","","","CONNECT","Elite","SINGAPORE","Public","0,174","33m",-
"128.199.202.122","1080","","","SOCKS5","Elite","SINGAPORE","Public","0,164","20m",-
"128.199.202.122","8080","","","CONNECT","Elite","SINGAPORE","Public","0,166","44m",-
"128.199.254.13","9090","","","CONNECT","Elite","SINGAPORE","Public Facebook supremenewyork","0,164","44m",X
"129.226.207.13","20201","","","CONNECT","Elite","SINGAPORE","Public","0,359","38m",X
"134.199.159.23","1080","","","SOCKS4","Elite","AUSTRALIA","Public supremenewyork","0,266","34m",-
"134.209.29.120","8080","","","CONNECT","Elite","UNITED KINGDOM","Public","0,052","44m",-
"134.209.29.120","3128","","","CONNECT","Elite","UNITED KINGDOM","Public","0,056","38m",-
"134.209.29.120","1080","","","SOCKS5","Elite","UNITED KINGDOM","Public","0,041","18m",-
"134.209.29.120","80","","","CONNECT","Elite","UNITED KINGDOM","Public","0,041","32m",-
"134.209.169.31","8080","","","WEB","Transparent","UNITED STATES","Public","2,191","35m",X
"138.68.60.8","8080","","","CONNECT","Elite","UNITED STATES","Public","0,164","44m",-
"138.68.60.8","3128","","","WEB","Elite","UNITED STATES","Public","0,165","44m",X
"138.68.60.8","1080","","","SOCKS5","Elite","UNITED STATES","Public","0,165","16m",-
"138.68.60.8","80","","","CONNECT","Elite","UNITED STATES","Public","0,173","34m",-
"139.5.155.245","57412","","","CONNECT","Elite","INDONESIA","Public Facebook supremenewyork","1,196","31m",-
"139.59.1.14","80","","","CONNECT","Elite","INDIA","Public","0,157","34m",-
"139.59.1.14","1080","","","SOCKS5","Elite","INDIA","Public","0,164","17m",-
"139.59.1.14","3128","","","CONNECT","Elite","INDIA","Public","0,183","32m",-
"139.59.24.173","1080","","","SOCKS4","Elite","INDIA","Public SSL","0,156","21m",-
"139.59.1.14","8080","","","CONNECT","Elite","INDIA","Public","0,157","39m",-
"139.129.202.244","80","","","WEB","Unknown","CHINA","Public","0,324","16m",X
"139.162.13.186","8888","","","WEB","Transparent","SINGAPORE","Public","0,166","40m",X
"139.162.78.109","3128","","","CONNECT","Elite","JAPAN","Public","0,260","43m",-
"139.162.78.109","1080","","","SOCKS5","Elite","JAPAN","Public","0,257","20m",-
"139.162.78.109","80","","","CONNECT","Elite","JAPAN","Public","0,271","32m",-
"139.162.78.109","8080","","","CONNECT","Elite","JAPAN","Public","0,279","44m",-
"143.110.217.153","1080","","","SOCKS4","Elite","CANADA","Public SSL","0,119","22m",-
"143.198.147.156","2626","","","CONNECT","Elite","UNITED STATES","Public supremenewyork","0,163","36m",X
"144.124.228.87","1080","","","SOCKS4","Elite","NETHERLANDS","Public supremenewyork","0,040","32m",-
"145.40.97.148","20502","","","CONNECT","Elite","UNITED STATES","Public","1,381","35m",X
"145.40.97.148","10016","","","CONNECT","Elite","UNITED STATES","Public","1,415","37m",-
"145.40.97.148","10397","","","CONNECT","Elite","UNITED STATES","Public","1,343","34m",X
"145.40.97.148","80","","","CONNECT","Elite","UNITED STATES","Public","0,640","20m",-
"146.70.164.210","1080","","","SOCKS4","Elite","ROMANIA","Public","0,059","44m",-
"146.190.80.158","9090","","","CONNECT","Elite","SINGAPORE","Public Facebook supremenewyork","0,165","44m",X
"147.75.33.108","10037","","","CONNECT","Elite","NETHERLANDS","Public","2,421","23m",-
"147.75.33.104","10541","","","CONNECT","Elite","NETHERLANDS","Public","4,429","34m",X
"147.75.101.247","10082","","","CONNECT","Elite","NETHERLANDS","Public","0,231","32m",-
"147.75.101.247","10034","","","CONNECT","Elite","NETHERLANDS","Public","0,559","19m",-
"147.75.68.201","80","","","CONNECT","Elite","UNITED STATES","Public SSL","0,170","16m",X
"147.75.88.121","3128","","","CONNECT","Elite","UNITED STATES","Public","1,672","39m",-
"147.75.88.120","9480","","","CONNECT","Elite","UNITED STATES","Public Google SSL","0,756","14m",-
"147.75.88.38","10009","","","CONNECT","Elite","UNITED STATES","Public","2,416","35m",-
"147.75.88.38","10073","","","CONNECT","Elite","UNITED STATES","Public","0,403","40m",-
"147.185.221.19","14365","","","WEB","Transparent","UNITED STATES","Public","0,014","14m",X
"149.129.255.179","80","","","CONNECT","Elite","INDONESIA","Public","0,186","34m",X
"151.80.147.171","3128","","","WEB","Transparent","FRANCE","Public","0,035","31m",X
"152.42.170.187","9090","","","CONNECT","Elite","SINGAPORE","Public supremenewyork","0,164","44m",-
"152.53.168.53","44887","","","CONNECT","Elite","AUSTRIA","Public","0,115","16m",-
"152.53.168.53","11947","","","CONNECT","Elite","AUSTRIA","Public","0,115","16m",X
"152.53.168.53","12865","","","CONNECT","Elite","AUSTRIA","Public","0,117","17m",X
"152.53.168.53","27853","","","CONNECT","Elite","AUSTRIA","Public Google SSL","0,114","16m",X
"152.53.168.53","26605","","","CONNECT","Elite","AUSTRIA","Public Google SSL","0,107","20m",X
"152.53.168.53","30115","","","CONNECT","Elite","AUSTRIA","Public Google SSL","0,106","17m",X
"152.53.168.53","16909","","","CONNECT","Elite","AUSTRIA","Public SSL","0,109","20m",X
"152.53.168.53","24549","","","CONNECT","Elite","AUSTRIA","Public Google SSL","0,107","20m",X
"152.53.168.53","21841","","","CONNECT","Elite","AUSTRIA","Public Facebook supremenewyork","0,108","32m",X
"152.53.168.53","21967","","","CONNECT","Elite","AUSTRIA","Public Facebook supremenewyork","0,108","32m",X
"152.70.137.18","8888","","","WEB","Anonymous","UNITED STATES","Public","0,173","31m",X
"154.0.14.116","3128","","","WEB","Transparent","SOUTH AFRICA","Public","3,297","15m",X
"154.16.146.41","80","","","WEB","Elite","UNITED STATES","Public","0,131","34m",X
"154.16.146.43","80","","","WEB","Elite","UNITED STATES","Public","0,131","24m",X
"154.16.146.45","80","","","WEB","Elite","UNITED STATES","Public","0,130","23m",X
"154.19.184.154","80","","","WEB","Transparent","UNITED STATES","Public","0,169","32m",X
"154.27.196.33","999","","","CONNECT","Elite","MEXICO","Public Facebook supremenewyork","1,187","31m",X
"154.65.39.7","80","","","WEB","Elite","SENEGAL","Public","0,111","23m",X
"154.65.39.8","80","","","WEB","Elite","SENEGAL","Public","0,102","23m",X
"154.118.231.30","80","","","WEB","Elite","TANZANIA","Public","0,211","37m",X
"154.219.96.241","1080","","","SOCKS5","Elite","HONG KONG","Public supremenewyork","0,273","36m",X
"154.219.119.244","1080","","","SOCKS4","Elite","HONG KONG","Public supremenewyork","0,301","37m",-
"156.244.11.6","80","","","CONNECT","Elite","SAUDI ARABIA","Public","0,097","24m",X
"157.20.219.192","8080","","","CONNECT","Elite","INDONESIA","Public Facebook supremenewyork","1,237","31m",-
"157.20.207.66","1111","","","CONNECT","Elite","INDONESIA","Public Google SSL","0,257","22m",-
"157.20.219.184","5555","","","CONNECT","Elite","INDONESIA","Public Facebook supremenewyork","0,190","31m",-
"157.148.120.3","3128","","","WEB","Transparent","CHINA","Public","0,330","38m",X
"157.175.42.134","9105","","","CONNECT","Elite","BAHRAIN","Public","0,093","40m",X
"157.175.43.137","71","","","CONNECT","Elite","BAHRAIN","Public SSL","0,094","23m",-
"157.175.196.122","44012","","","CONNECT","Elite","BAHRAIN","Public","0,094","24m",-
"157.175.147.228","37","","","CONNECT","Elite","BAHRAIN","Public","0,094","40m",-
"157.175.45.145","33638","","","CONNECT","Elite","BAHRAIN","Public","0,094","40m",-
"159.65.245.255","80","","","WEB","Elite","UNITED STATES","Public","0,115","45m",X
"159.203.61.169","8080","","","CONNECT","Elite","CANADA","Public","0,125","44m",-
"159.203.61.169","3128","","","WEB","Elite","CANADA","Public","0,128","45m",X
"159.203.61.169","80","","","CONNECT","Elite","CANADA","Public","0,119","33m",-
"160.19.19.213","8080","","","CONNECT","Elite","INDONESIA","Public SSL","0,180","19m",X
"160.25.119.116","8080","","","CONNECT","Elite","INDONESIA","Public","0,185","31m",-
"161.35.70.249","80","","","CONNECT","Elite","GERMANY","Public","0,040","34m",-
"161.35.70.249","3128","","","WEB","Elite","GERMANY","Public","0,042","44m",X
"161.35.70.249","8080","","","CONNECT","Elite","GERMANY","Public","0,042","44m",-
"162.55.80.134","1","","","CONNECT","Elite","GERMANY","Public supremenewyork","0,044","32m",X
"164.70.70.13","3172","","","WEB","Transparent","JAPAN","Public","1,308","38m",X
"164.70.91.203","3172","","","WEB","Transparent","JAPAN","Public","0,276","24m",X
"167.172.157.96","80","","","WEB","Elite","UNITED STATES","Public","0,133","44m",X
"169.55.89.6","80","","","WEB","Elite","UNITED STATES","Public","0,103","13m",X
"171.100.254.137","8080","","","CONNECT","Elite","THAILAND","Public Facebook supremenewyork","0,312","32m",X
"171.228.47.183","54850","","","SOCKS4","Elite","VIETNAM","Public supremenewyork","0,219","35m",X
"175.139.245.16","8080","","","CONNECT","Elite","MALAYSIA","Public","3,289","24m",-
"176.119.16.40","8534","","","CONNECT","Elite","RUSSIAN FEDERATION","Public","0,137","17m",X
"176.126.103.194","44214","","","CONNECT","Elite","RUSSIAN FEDERATION","Public SSL","0,084","24m",X
"176.194.189.40","80","","","CONNECT","Elite","RUSSIAN FEDERATION","Public Facebook supremenewyork","0,093","32m",-
"178.17.62.152","8843","","","CONNECT","Elite","IRAQ","Public supremenewyork","0,058","31m",X
"178.17.62.152","8831","","","CONNECT","Elite","IRAQ","Public SSL","0,057","21m",X
"178.215.163.218","4145","","","SOCKS4","Elite","UKRAINE","Public Google SSL","0,074","21m",-
"179.1.209.72","8080","","","CONNECT","Elite","COLOMBIA","Public Facebook supremenewyork","1,213","33m",X
"181.78.44.63","999","","","CONNECT","Elite","HONDURAS","Public Facebook supremenewyork","2,198","32m",-
"181.78.202.29","8080","","","CONNECT","Elite","ECUADOR","Public Facebook supremenewyork","2,228","34m",X
"183.60.141.41","443","","","WEB","Unknown","CHINA","Public","0,313","24m",X
"183.62.76.91","7890","","","CONNECT","Elite","CHINA","Public","0,342","39m",-
"183.215.23.242","9091","","","WEB","Unknown","CHINA","Public","0,251","43m",X
"185.49.243.130","3128","","","CONNECT","Elite","RUSSIAN FEDERATION","Public Facebook supremenewyork","2,153","33m",-
"185.93.89.164","4025","","","SOCKS5","Elite","IRAN","Public SSL","0,043","19m",X
"185.162.238.37","3128","","","CONNECT","Elite","GREECE","Public SSL","0,075","24m",X
"185.191.236.162","3128","","","WEB","Transparent","SWITZERLAND","Public","0,037","14m",X
"186.0.144.81","9797","","","CONNECT","Elite","BRAZIL","Public","3,328","24m",-
"187.19.201.48","8080","","","CONNECT","Elite","BRAZIL","Public","4,275","22m",-
"190.8.164.243","8090","","","CONNECT","Elite","VENEZUELA","Public Google SSL","0,145","12m",-
"190.113.15.2","3127","","","CONNECT","Elite","CHILE","Public Facebook supremenewyork","0,241","38m",X
"190.128.241.102","80","","","WEB","Elite","PARAGUAY","Public","0,160","24m",X
"192.73.244.36","80","","","WEB","Elite","UNITED STATES","Public","0,158","42m",X
"192.241.156.17","1080","","","SOCKS4","Elite","UNITED STATES","Public supremenewyork","0,105","37m",-
"194.39.254.35","80","","","WEB","Transparent","IRAN","Public","0,128","41m",X
"194.186.248.97","80","","","CONNECT","Elite","RUSSIAN FEDERATION","Public Google SSL","0,132","21m",-
"195.74.86.205","80","","","WEB","Elite","NETHERLANDS","Public","1,094","31m",X
"195.114.209.50","80","","","WEB","Elite","SPAIN","Public","1,063","33m",X
"196.1.93.10","80","","","WEB","Elite","SENEGAL","Public","0,066","31m",X
"197.44.54.74","6881","","","SOCKS5","Elite","EGYPT","Public SSL","0,075","17m",X
"198.49.68.80","80","","","WEB","Elite","UNITED STATES","Public","1,296","24m",X
"198.199.86.11","8080","","","WEB","Elite","UNITED STATES","Public","0,112","44m",X
"198.199.86.11","1080","","","SOCKS5","Elite","UNITED STATES","Public","0,111","16m",-
"198.199.86.11","80","","","CONNECT","Elite","UNITED STATES","Public","0,112","35m",-
"198.199.86.11","3128","","","CONNECT","Elite","UNITED STATES","Public","0,104","44m",-
"199.188.204.105","8080","","","CONNECT","Elite","UNITED STATES","Public supremenewyork","0,214","33m",-
"200.24.146.97","8080","","","CONNECT","Elite","ECUADOR","Public Facebook supremenewyork","0,188","36m",X
"200.41.182.243","4145","","","SOCKS4","Elite","ARGENTINA","Public Facebook supremenewyork","0,234","40m",-
"200.43.231.17","4145","","","SOCKS4","Elite","ARGENTINA","Public","0,264","16m",-
"200.85.167.254","8080","","","WEB","Transparent","NICARAGUA","Public","0,161","35m",X
"200.105.192.6","5678","","","SOCKS4","Elite","BOLIVIA","Public","4,333","23m",-
"200.125.40.38","5678","","","SOCKS4","Elite","URUGUAY","Public Facebook supremenewyork","1,171","43m",-
"200.174.198.158","8888","","","WEB","Transparent","BRAZIL","Public","0,141","31m",X
"201.134.41.110","443","","","WEB","Elite","MEXICO","Public","0,199","15m",X
"201.234.96.50","999","","","CONNECT","Elite","MEXICO","Public Facebook supremenewyork","3,253","32m",-
"202.5.62.55","8080","","","CONNECT","Elite","BANGLADESH","Public Google SSL","1,289","17m",-
"202.5.47.47","2727","","","CONNECT","Elite","BANGLADESH","Public","4,344","34m",X
"202.5.37.89","2727","","","CONNECT","Elite","BANGLADESH","Public","2,276","35m",X
"202.5.60.199","2727","","","CONNECT","Elite","BANGLADESH","Public Google SSL","2,254","24m",-
"202.40.181.220","31247","","","SOCKS4","Elite","BANGLADESH","Public","0,217","43m",-
"202.59.194.43","8088","","","CONNECT","Elite","INDONESIA","Public Google SSL","0,269","20m",-
"202.79.47.194","1080","","","SOCKS4","Elite","NEPAL","Public","0,309","43m",-
"202.165.40.138","80","","","CONNECT","Elite","INDONESIA","Public Facebook supremenewyork","1,206","44m",-
"202.165.34.227","3128","","","CONNECT","Elite","INDONESIA","Public SSL","0,173","24m",-
"202.180.21.214","80","","","CONNECT","Elite","INDONESIA","Public Facebook supremenewyork","2,343","32m",-
"203.19.38.114","1080","","","WEB","Elite","CHINA","Public SSL","0,271","20m",X
"203.74.125.18","8888","","","CONNECT","Elite","TAIWAN","Public Google SSL","0,289","20m",-
"203.112.223.126","5678","","","SOCKS4","Elite","BANGLADESH","Public","4,308","22m",-
"208.87.243.199","7878","","","WEB","Transparent","UNITED STATES","Public","0,156","44m",X
"209.97.150.167","8080","","","CONNECT","Elite","UNITED STATES","Public","0,105","44m",-
"209.97.150.167","1080","","","SOCKS5","Elite","UNITED STATES","Public","0,112","17m",-
"209.97.150.167","80","","","CONNECT","Elite","UNITED STATES","Public","0,107","33m",-
"209.97.150.167","3128","","","CONNECT","Elite","UNITED STATES","Public","0,105","39m",-
"210.87.74.71","8080","","","CONNECT","Elite","INDONESIA","Public","4,317","36m",X
"211.230.49.122","3128","","","WEB","Transparent","KOREA","Public","0,265","33m",X
"213.35.105.30","8080","","","CONNECT","Elite","SINGAPORE","Public","0,343","32m",-
"218.77.183.214","5224","","","WEB","Transparent","CHINA","Public","0,330","23m",X
"220.233.184.21","80","","","WEB","Transparent","AUSTRALIA","Public","0,267","33m",X
"221.1.104.177","7302","","","SOCKS5","Elite","CHINA","Public","0,317","37m",X
"222.59.173.105","44077","","","SOCKS5","Elite","CHINA","Public","0,276","19m",-
"222.59.173.105","44043","","","SOCKS5","Elite","CHINA","Public","0,284","16m",-
"222.59.173.105","44032","","","SOCKS5","Elite","CHINA","Public","0,232","35m",-
"222.59.173.105","44037","","","SOCKS5","Elite","CHINA","Public","0,232","17m",-
"222.59.173.105","44178","","","SOCKS5","Elite","CHINA","Public","1,232","21m",-
"222.59.173.105","44009","","","SOCKS5","Elite","CHINA","Public","2,323","15m",-
"222.59.173.105","45101","","","CONNECT","Elite","CHINA","Public","1,259","32m",-
"222.59.173.105","45247","","","CONNECT","Elite","CHINA","Public","0,270","37m",-
"222.165.205.212","1452","","","CONNECT","Elite","INDONESIA","Public Facebook supremenewyork","1,244","39m",-